;username;primcmnum;subcmnum;text
0;alice_42;1;0;">> Der Flüchtling sei von der Stadt Hamburg für die Abschiebung gemeldet worden. Man müsse die Hamburger Behörden fragen, ""warum sie diese Person vorgeschlagen haben"". << Ja, das wird man wohl müssen. Zuerst muss man aber die CSU fragen, ""warum sie diese Person vorgeschlagen haben"", als es um die Besetzung des Innenministeriums ging. Der Mann ist schlicht ungeeignet, dasselbe gilt für seinen Nachfolger in München, der seine Wortwahl erst dann bedauerte, als sie sich zunehmend als Bumerang erwies."
1;Herr Naphta;1;1;Seehofer hat seinen Job gemacht und der betreffende Abgeschobene ist in D mehrfach straffällig geworden. Die hier kreierte Aufregung ist nicht nachvollziehbar.
2;Durex;2;0;"Die Debatte finde ich überzogen.  Nur weil zufällig Seehofers flapsige Aussage mit dem Suizid eines abgeschoben, mehrfach rechtskräftig verurteilten Kriminellen korrelierte.  Die Forderungen nach Rücktritt sind lediglich nach polittaktischen Gründen zu bewerten. Ausgerechnet die FDP sollte sich da zurückhalten nach Lindners ""Bäckerei-Aussage""!"
3;Deutungshoheit Links Nix Gut;2;1;Entfernt. Bitte formulieren Sie Kritik sachlich und differenziert. Danke, die Redaktion/ee
4;Live aus St. Petersburg in Florida;3;0;Entfernt. Bitte verzichten Sie auf Pauschalisierungen. Danke, die Redaktion/ee
5;Pilotthedune;3;1;Der Kommentar, auf den Sie Bezug nehmen, wurde bereits entfernt.
6;Gutsweib;4;0;Damit hat er sich eindeutig positioniert. Ich dachte immer wir hätten irgendwo die Trennung von Kirche und Staat. Er sollte sich lieber um das Seelenheil seiner Schäfchen kümmern.
7;Dindi;4;1;"""Er sollte sich lieber um das Seelenheil seiner Schäfchen kümmern."" Genau das tut er!"
8;Karl Haag;5;0;Entfernt. Bitte formulieren Sie Kritik sachlich und differenziert. Danke, die Redaktion/ee
9;Deutungshoheit Links Nix Gut;5;1;Der Kommentar, auf den Sie Bezug nehmen, wurde bereits entfernt.
10;Purple Overkill;6;0;Tja, die Empathie wurde systematisch von Außen und Innen zerschlagen. Wer sich freiwillig in Seenot begibt um eine Rettung und Migration zu erpressen, ist daran genau so schuld, wie Politiker, die einen Kontrollverlust propagieren und ausnutzen.
11;Deutungshoheit Links Nix Gut;6;1;Der Kontrollverlust ist ein Fakt.
12;Jubhf;7;0;Empathie ist ein scheußliches Modewort. Jeder sadistische Foltermörder bringt Empathie für sein Opfer aus - warum sollte Empathie also grundsätzlich gut sein? Und die Hamburger Behörden schlugen den Afghanen vor, weil dieser mehrfach straffällig wurde. Da hatte selbst in Hamburg irgendwann keiner mehr Lust drauf. Die Evangelische Kirche wird auch immer mehr zu einer linksliberalen Wohlfühleinrichtung.
13;Watz up;7;1;Wo ist eigentlich die Empathie mit den Opfern der rückgeführten gewaltstraffälligen Afghanen? Das fällt irgendwie völlig unter den Tisch.
14;Deutungshoheit Links Nix Gut;8;0;Ich würde den Fokus der Debatte ja gerne auf die völlig absurden Kosten legen, die mir als Steuerzahler für diese Form der Einwanderung anfallen. Warum übernehmen eigentlich die ganzen Befürworter nicht einen Teil der Kosten? Das wäre zumindest ehrlich...
15;Tobias87;8;1;"""Warum übernehmen eigentlich die ganzen Befürworter nicht einen Teil der Kosten?"" Tun wir, auch wir sind Steuerzahler. ""Das wäre zumindest ehrlich..."" Schön, dass Sie uns öffentlich für ehrlich erklären."
16;B.E.Nutzer.;1;2;Die Gründe lassen sich der Presse im Zusammenhang mit den Straftaten dieser Person entnehmen.
17;Dindi;1;3;Entfernt. Bitte verzichten Sie auf Unterstellungen. Danke, die Redaktion/ee
18;GlobalTraveler;1;4;"""Die hier kreierte Aufregung ist nicht nachvollziehbar."" Genau diesen degerativen Verlust an Fähigkeiten beklagt Bedford-Strohm ja. Wie Sie deutlich machen, begründet."
19;Deserteur 2.0;1;5;Herr Seehofer poltert seit seinem Amtsantritt in der Weltgeschichte herum, wie es vor ihm noch kein Innenminister gemacht hat, die Schäden für seine Partei wie die Politik insgesamt sind noch nicht absehbar und wenn man bedenkt das es ursprünglich um maximal 5 Menschen am Tag ging, wird das ganze gänzlich absurd. Hier ist ein Mann am Werk der dem Land mehr geschadet wie genutzt hat.
20;alice_42;1;6;>> Seehofer hat seinen Job gemacht ... << Seehofers Job ist es demnach, zynische Reden zu schwingen. Nagut. Das kriegt er ja wenigstens hin.
21;Live aus der Echokammer;1;7;Entfernt. Bitte bleiben Sie beim Thema. Danke, die Redaktion/mz
22;Tommy1600;1;8;Zumindest macht Seehofer seinen Job. Ganz im gegensatz zu seinem Vorgänger. Daß er dabei etwas robuster vorgeht als es der Berliner Wohlfühlwelt gefällt ändert nichts an der Bewertung über seine Arbeit.
23;Namensgebung;1;9;Entfernt. Bitte bleiben Sie beim Thema. Danke, die Redaktion/mz
24;Tommy1600;1;10;"Um welchen ""degenerativen"" Verlust bei welchen Fähigkeiten geht es denn?"
25;antinero;1;11;"Das erinnert mich an die EAV: ""Das Böse ist immer und überall....."" In dem Lied kommt aber nicht vor, dass man es wählen muss."
26;Tommy1600;1;12;Entfernt. Bitte bleiben Sie beim Thema. Danke, die Redaktion/mz
27;NomeeNaomi;1;13;Entfernt. Bitte bleiben Sie beim Thema. Danke, die Redaktion/mz
28;Deserteur 2.0;1;14;Na danke ich mochte die EAV bis gerade eben :P
29;Tommy1600;1;15;"""Hier ist ein Mann am Werk der dem Land mehr geschadet wie genutzt hat."" Dies wird sich zeigen. Für mich ist er derjenige der anfängt, den Schaden den dieses Land nimmt zu begrenzen."
30;GlobalTraveler;1;16;"""Zumindest macht Seehofer seinen Job."" Jedes Völkerrechtsverbrechen der Geschichte fängt mit diesem Argument an. Nicht, dass Seehofer sich eines solchen schuldig gemacht haben dürfte. Ihre Argumentation sollte Sie aber dringend überarbeiten. Hier geht es um die Art, WIE er seinen Job macht! Ich - und offensichtlich nicht nur ich - bin da etwas anspruchsvoller als Sie."
31;Deserteur 2.0;1;17;Entfernt. Bitte verzichten Sie auf überzogene Polemik. Danke, die Redaktion/mz
32;Norbert123;1;18;Der Kommentar, auf den Sie Bezug nehmen, wurde bereits entfernt.
33;Niklas51;1;19;"""..degerativen Verlust..."" Was ist das?"
34;moniutapEf3217;1;20;Der Kommentar, auf den Sie Bezug nehmen, wurde bereits entfernt.
35;Hunde sind mein Hobby;1;21;Seehofer macht einen hervorragenden Job und ist besonders geeignet
36;WolframW;1;22;Entfernt. Bitte bleiben Sie beim Thema. Danke, die Redaktion/mz
37;Hirnvogel;1;23;Ja dann soll er es halt beklagen, deshalb dreht sich die Welt auch weiter
38;Heini Huckeduster;1;24;Seehofers Job ist es ein verläßlicher Innenminister zu sein. In der Stellenbeschreibung steht nicht, dass er den Pausenclown mit flachen oder menscheverachtenden Witzchen geben soll!
39;bulb fiction;1;25;Die Äußerung des Herrn Seehofers sind auch ohne den Selbstmord des Ausgewiesenen zynisch.
40;GlobalTraveler;1;26;Der Kommentar, auf den Sie Bezug nehmen, wurde bereits entfernt.
41;ChilliCheeseChihuahua;1;27;Der Kommentar, auf den Sie Bezug nehmen, wurde bereits entfernt.
42;TalonKarrde;1;28;Entfernt. Bitte bleiben Sie beim Thema. Danke, die Redaktion/mz
43;Verbal;1;29;"GlobalTraveler: ""Jedes Völkerrechtsverbrechen der Geschichte fängt mit diesem Argument an.  Nicht, dass Seehofer sich eines solchen schuldig gemacht haben dürfte. Ihre Argumentation sollte Sie aber dringend überarbeiten..."" Jedes Völkerrechtsverbrechen fängt damit an, dass gesagt wird: ""zumindest macht (er) .... seinen Job"". Wenn Sie so ""diskutieren"", sind sie für mich nicht wirklich an einer Diskussion interessiert. Zumindest nach meiner Vorstellung haben  ""wir"" ein System, das sagt: ""wir"" nehmen nur Menschen auf, die bestimmte ""Kriterien"" erfüllen. Diejenigen, die diese Kriterien nicht erfüllen, müssen wieder gehen. Ob diese Menschen diese Kriterien erfüllen, prüfen ""wir"". Nur hat das Ergebnis der Prüfung für viele Menschen bezogen auf die Frage, ob sie bleiben können, keine Bedeutung. Jetzt gibt es Menschen, zu denen ich auch gehöre, die sagen: das System muss, wenn wir es beibehalten wollen,  glaubwürdiger werden.   Das bedeutet für mich, es muss auch Abschiebungen geben. Jetzt weiß ich nicht, ob Sie auch zu diesen Menschen gehören bzw. was sie unter dem ""WIE"" verstehen. Kritisieren Sie primär die 69 Abschiebungen oder die Äußerungen von Herrn Seehofer im Zusammenhang mit den Abschiebungen? Die Äußerung sind nicht gut, aber wenn man dem Betreffenden ein bisschen an moralischen Kredit gibt, auch nicht diese Diskussion wert. Für mich ist das (auch) eine Diskussion ""ad personam"", um jemanden, der die andere Position vertritt,  ""politisch"" zu ""verbrauchen""."
44;Norbert123;1;30;Der Kommentar, auf den Sie Bezug nehmen, wurde bereits entfernt.
45;antinero;1;31;Find ich auch. Er bringt mich immer dermaßen zum Lachen. Nur bleibt mir dieses im Halse stecken, denn er arbeitet an seiner Karriere und die Ärmsten sollen seine Eigenwerbung bezahlen. Und es gibt tatsächlich Menschen, die diese Unmenschlichkeit wählen. Und die waren schon immer so. Durch die Flüchtlinge werden sie entlarvt und zeigen öffentlich ihren Charakter. Geld und die Flüchtlinge haben eines gemeinsam: Beide verderben nicht den Charakter, sondern sie enthüllen ihn.
46;TheRibus;1;32;Der Kommentar, auf den Sie Bezug nehmen, wurde bereits entfernt.
47;Landegaard;1;33;"""Genau diesen degerativen Verlust an Fähigkeiten beklagt Bedford-Strohm ja. Wie Sie deutlich machen, begründet."" Ich sehe da keinen Verlust, nur Ahnungslosigkeit in den verwendeten Begriffen.  Da fehlt dann nicht nur Empathie, sondern grundsätzliches Informationsinteresse.  Insofern, Klage zur Kenntnis genommen."
48;TalonKarrde;1;34;Der Kommentar, auf den Sie Bezug nehmen, wurde bereits entfernt.
49;Landegaard;1;35;"""Die Äußerung des Herrn Seehofers sind auch ohne den Selbstmord des Ausgewiesenen zynisch."" Er sagte, dass eine Abschiebung stattfindet. Was ist daran zynisch?"
50;Dindi;1;36;Der Kommentar, auf den Sie Bezug nehmen, wurde bereits entfernt.
51;bernhard1964;1;37;In der Sache wohl richtig, doch leider nicht in der Wortwahl. Wenn also der Innenminister mehr durch seine populistischen Äusserungen als durch seine politische Arbeit von sich  reden macht, dann ist er fehl am Platz.
52;Frau Funke;1;38;"++Der Mann ist schlicht ungeeignet, dasselbe gilt für seinen Nachfolger in München, der seine Wortwahl erst dann bedauerte, als sie sich zunehmend als Bumerang erwies.++ Im Gegenteil, finde Seehofer überaus geeignet für sein Amt. Mit ihm sehe ich zumindest eine kleine Chance, dass sich bei dem Thema Asyl/Migration etwas in Richtung Klarheit, Ordnung und Kontrolle bewegt. Auch wenn ich Seehofers ""Humor"" nicht teile, einige Provokationen als überflüssig, und der Sache nicht als förderlich, erachte. Mir ist die Macht der Sprache sehr wohl bewusst - deshalb bevorzuge ich den wertschätzenden Stil. Allerdings sehe ich hier zuvorderst einen Hype um Seehofer und Söder, den ich auch zunehmend als lächerlich empfinde. Und H. Bedford-Strohm möchte ich sagen: Mein Empathievermögen ist uneingeschränkt vorhanden. Das führt aber nicht automatisch dazu, dass ich hier jeden willkommen heiße, der den Wunsch dazu äußert. Auch wenn ich nachvollziehen kann, dass jemand das möchte. Denn ich kann auch den Teil der Bevölkerung verstehen, der meint, jetzt gilt es erst einmal sich um die nachhaltig zu kümmern, die bereits da sind. Da ist noch ein großes Betätigungsfeld, um frühere Versäumnisse nicht zu wiederholen. Deshalb: Ja, Sprache ist sehr wichtig. Nicht minder wichtig ist allerdings das eigentliche Thema. Einen angemessenen Umgang - und entsprechende Handlungen -mit dem komplexen Thema flüchtende Menschen zu finden."
53;Landegaard;1;39;"""Die Äußerung des Herrn Seehofers sind auch ohne den Selbstmord des Ausgewiesenen zynisch."" Herr Seehofer wies darauf hin, dass 69 Afghanen ausgewiesen werden. Er stellte klar, dass diese Zahl nichts mit seinem 69. Geburtstag zu tun hat.  Was ist zynisch? Das abgeschoben wird? Vermutlich, weil das ist Deutschland ja schuld."
54;Rebell vom Liang Shan Po;1;40;Das Problem ist eher, dass nicht mehr rational argumentiert wird, sondern nur noch emotional. Und Gefühle sind schlechte Ratgeber. Ein Straftäter, der wegen Diebstahl und/oder Körperverletzung angeklagt wurde. Ernsthaft? Es gibt unzählige Menschen, die mein Mitleid mehr verdienen.
55;Zaungast01;1;41;Der Kommentar, auf den Sie Bezug nehmen, wurde bereits entfernt.
56;Zaungast01;1;42;"""Geld und die Flüchtlinge haben eines gemeinsam: Beide verderben nicht den Charakter, sondern sie enthüllen ihn."" Wie verträgt sich solch eine Aussage mit der Tatsache, daß sich die meisten Migranten Deutschland wegen des Geldes aussuchen? Die Leute kommen ja nicht wegen der Seehofers oder des schönen Wetters wegen zu uns, und sie durchqueren zig Länder, bevor sie hier ankommen."
57;Binane;1;43;Herr Seehofer macht seinen Job eben nicht, der Mann ist Innenminister, zusätzlich, auf eigenen Wunsch auch Bau- und Heimatminister. Und er beschäftigt sich ausschließlich nur mit einem Thema, um seiner Partei, nach seiner Vorstellung, eine absolute Mehrheit bei der Bayernwahl zu ermöglichen. Ansonsten ist seine Zeit damit ausgefüllt, die Risse die er mit seinem tölpelhaften, unerträglichen Verhalten reißt, wieder zu kitten.
58;Live aus der Echokammer;1;44;Der Kommentar, auf den Sie Bezug nehmen, wurde bereits entfernt.
59;Frau Funke;1;45;@Dindi ++Im Falle des Afghanen hat man ihn in den Selbstmord getrieben.++ Ich empfinde Ihre Rhetorik mindestens so problematisch, wie die von manchem AfDler. Außerdem scheint mir Ihre Definition von Selbstmord - anders ausgedrückt durch Selbsttötung - recht lückenhaft. Ich setzte voraus, dass Sie wissen, dass es der eigenen Entscheidung bedarf - ohne Mithilfe Dritter - dass dieser Begriff verwendet wird. Was ich mich ja frage: Was es Ihnen persönlich bringt, wenn Sie eine solche Polemik in eine Diskussion bringen. Was nützt es Ihnen persönlich, eine künstliche Verantwortung von Seehofer herbeizureden. Der initiative Auslöser für den Suizid dieses Menschen kennen wir nicht. Alles darüber sind Spekulationen...Vermutungen. Die Geschichte dahinter, ist nur mit wenigen Fakten belegt. Heute weiß man durch viele Untersuchungen, dass es zwar häufig einen Auslöser dafür geben kann. Doch ist es häufig ein längerer Prozess, der erst zu diesem Auslöser führt. Dementsprechend betrachte ich Ihre Rhetorik als unseriös.
60;WeitOffeneGesellschaft;1;46;"Die hier kreierte Aufregung ist nicht nachvollziehbar. Vielleicht kommt es darauf an, wie viel Empathie man besitzt? Zitat: ""Es ist eine Atmosphäre entstanden, in der nicht die Rettung des Lebens von Menschen als Erfolg gesehen wird, sondern ihre Abschiebung in möglichst großer Zahl"", sagte Bedford-Strohm. Und damit hat er ja völlig recht. Es kann z.B. nicht über die Seenotrettung von Flüchtlingen im Mittelmeer diskutiert werden, ohne dass die Option genannt wird, genügend von ihnen ertrinken zu lassen, so dass künftig weniger kommen. Manche sind also bereit, Menschenleben dem politischen Ziel zu opfern, die Flüchtlingszahlen zu begrenzen. Von Empathie (oder gar Moral) keine Spur."
61;Kioto-Zeit;1;47;"@GlobalTraveler ""Genau diesen degerativen Verlust an Fähigkeiten beklagt Bedford-Strohm ja"" Der Abgeschobene war durch Gewaltdelikte auffällig. Wenn dann keine Abschiebung von nicht Bleibeberechtigten stattfindet, wann dann?"
62;moniutapEf3217;1;48;Der Kommentar, auf den Sie Bezug nehmen, wurde bereits entfernt.
63;Heiligerer Bimbam;1;49;Der Kommentar, auf den Sie Bezug nehmen, wurde bereits entfernt.
64;Tommy1600;1;50;Warum? Die Misere hat ja so gar nichts auf die Reihe gebracht. Das scheint bei Seehofer besser zu sein und wenn er nur Bewegung in die Sache bringt ist es gut. Und wenn es um die dummen Sprüche geht, schenkt sich kaum einer unserer Politiker was.
65;Tommy1600;1;51;Der Kommentar, auf den Sie Bezug nehmen, wurde bereits entfernt.
66;Kioto-Zeit;1;52;Der Kommentar, auf den Sie Bezug nehmen, wurde bereits entfernt.
67;Tommy1600;1;53;Der Kommentar, auf den Sie Bezug nehmen, wurde bereits entfernt.
68;NomeeNaomi;1;54;"""die Option genannt wird, genügend von ihnen ertrinken zu lassen, so dass künftig weniger kommen."" Auch für Sie und auch zum 135.324.323. Mal: Niemand will die Menschen ertrinken lassen. Absolut niemand. Problematisch finden viele nur die Praxis, die Menschen in Sichtweite der afrikanischen Küste aufsammelt und auf einen anderen Kontinent verschleppt. Im Gegenteil: Man könnte schon aus zeitlichen Gründen mehr Menschen retten, wenn die Rettungsschiffe nicht nach jedem Einsatz den ganzen weiten Weg bis nach Europa fahren würden, sondern immer direkt vor der afrikanischen Küste blieben."
69;ChilliCheeseChihuahua;1;55;Der Kommentar, auf den Sie Bezug nehmen, wurde bereits entfernt.
70;Tommy1600;1;56;Man könnte auch sagen er befasst sich mit den drängensten Problemen zuerst.
71;Johannes_Gabriel;1;57;Bedeuted der Verlust ist degenerativ und folglich Rückgängig.
72;Herr Naphta;1;58;"""Vielleicht kommt es darauf an, wie viel Empathie man besitzt?"" Empathie für wen? Für einen mehrfach verurteilten Straftäter, der illegal nach Deutschland eingereist ist, dessen Asylantrag rechtskräftig abgelehnt wurde und dessen unrechtmäßiger Verbleib wie auch Abschiebung den deutschen Steuerzahler einen mindestens 6-stelligen Betrag gekostet hat?"
73;Landegaard;1;59;"""Vielleicht kommt es darauf an, wie viel Empathie man besitzt?"" Es fällt auf, dass diejenigen, die mit der Empathie argumentieren, nicht wissen, was der Begriff bedeutet: https://de.wikipedia.org/... Scheint also nicht mal die Recherche wert... ""Es kann z.B. nicht über die Seenotrettung von Flüchtlingen im Mittelmeer diskutiert werden"" Es kann deswegen nicht darüber diskutiert werden, weil diese als sakrosankt deklariert wird. Ganz so, wie Sie das versuchen, durch viel ""Moral"" oder ""Empathie""  Dass die Seenotrettung missbraucht wird, um den rechtlichen Rahmen zu erhalten, Flüchtlinge nach Europa zu schleppen und deswegen geplanter Teil der Schlepper ist, geschenkt.  Nicht diskussionswürdig, weil ""Moral"", weil ""Empathie"" da nichts mehr für eine Debatte übrig lassen. Es geht nur noch um Menschen, deren Sterben oder Retten gewollt ist.  Da ist weder Moral und auch keine Empathie, das sind nur die Kampfbegriffe."
74;Alphard;1;60;Der Kommentar, auf den Sie Bezug nehmen, wurde bereits entfernt.
75;walter-der-sachse;1;61;Der Kommentar, auf den Sie Bezug nehmen, wurde bereits entfernt.
76;Verbal;1;62;"WeitOffeneGesellschaft: ""....Manche sind also bereit, Menschenleben dem politischen Ziel zu opfern, die Flüchtlingszahlen zu begrenzen. Von Empathie (oder gar Moral) keine Spur..."" Flüchtlingszahlen ""als Selbstzweck"" zu begrenzen und deswegen Menschenleben zu opfern halte ich auch für unmoralisch. Dass Sie mit dem moralischen Ansatz ""ein Menschenleben ist unendlich viel Wert"" und deswegen darf ich, da ich moralisch sein will, keine Entscheidung treffen, die Menschenleben kostet, in der Politik und in dieser Welt weit kommen, glaube ich nicht. Jetzt kann man den Ansatz vertreten, dass es das Ziel sein soll, die Anzahl der Menschenleben, die mein Tun fordert, zu reduzieren. Jetzt kann die Einstellung der Seenotrettung tatsächlich zu einer Alternative zur Ausweitung der Seenotrettung werden, insbesondere, wenn man die Toten auf dem Weg zum Meer mitberücksichtigt."
77;antinero;1;63;"Ja, und wo widerspricht das meiner These, dass ein schlechter Charakter nicht durch Geld entsteht, sondern durch Geld nur enthüllt wird, weil er darauf eben anspricht während andere widerstehen? Und wer nicht genug Menschenliebe in sich hat, wird solange nicht erkannt, bis ihn Flüchtlinge oder andere Situationen dazu reizen, seinen Charakter zu zeigen. Die Mitleidlosigkeit entstand aber nicht durch Flüchtlinge, sondern weil dieser Mensch so ist, weil er diesen Charakter - für uns nicht noch erkennbar - schon immer hatte, reagiert er mitleidlos auf Flüchtlinge, während andere helfen. Und von der These sind natürlich auch Flüchtlinge nicht ausgenommen. Ob allerdings ""die meisten"" wegen des Geldes nach Deutschland kommen, weiß ich ganz einfach nicht. Und es ist natürlich ein Unterschied, ob jemand maßlos geldgierig ist oder ob jemand in seiner Not auch auf geldliche Hilfe hofft, die ihn sicher nicht reich machen kann. Wegen Seehofer kommt bestimmt keiner. Es sei denn, es handelt sich um einen rechten Österreicher."
78;Rob Schyberth;1;64;Der Kommentar, auf den Sie Bezug nehmen, wurde bereits entfernt.
79;P_S;1;65;"D.h. sie könne Nachvollziehen, dass - wir dt. Soldatgen, die Afghanistan aufbauen sollen aus Sicherheitsgründen abziehen - Afghanen, die die Allierten unterstützt haben und an oberseter Stelle der Taliban stehen, kein Asyl bekommen oder nur einen geringen Schutzstatus? - das das Auswertige Amt Reisewarungen verhängt - von Januar bis September 2017 waren ca 8000 Menschen durch Anschläge bedroht davon kamen 2000 ums leben. Afgahnistan mit Sysrien die Liste deer sicheren Länder von hinten gesehen mit anführt. Der innenminister dorthin Menschen abschiebt udn auch noch stolz ist, dass es immer mehr werden! Ein Minister, der Vertreter des chrislichen Weltbildes sein will (also ""Barmherzig first"") glaubt wahlen zu gewinnen in dem er quantitativ und nicht qualtitativ  Menschen abgeschoben werden! Ja der Afgahne war ein Straftäter, aber - Afgahnistan ist nun einmal kein sicheres Herkunftsland - der Afgahne lebt e bereits 8 Jahre in Deutschland - In deutschland gilt wenn einer seine Strafe abgesessen hat ist er wieder frei ... D.h. wenn unser GG gilt, dann hätte man ihn auch hier in Haft nehmen koönnen ihm seien Strafe absitzen lassen (von mir asu ohne Bewährung) und gut ist."
80;Kügelchen;1;66;Der Kommentar, auf den Sie Bezug nehmen, wurde bereits entfernt.
81;WeitOffeneGesellschaft;1;67;Eine der unappetitlichen Diskussionen über das Ertrinken lassen von Menschen kann übrigens z.B. grade wieder hier ausführlich besichtigt werden: https://www.zeit.de/gesel...
82;P_S;1;68;Der Kommentar, auf den Sie Bezug nehmen, wurde bereits entfernt.
83;karlmue;1;69;">Dementsprechend betrachte ich Ihre Rhetorik als unseriös.< Diese Begrifflichkeit passt jetzt überhaupt nicht. Auch das Anführen von ""Polemik"" ist nicht treffend. Eine andere Auffassung gibt es über die Verantwortung. Entgegen der Kritik  hat Seehofer als Innenminister von Amtswegen  selbstverständlich die Verantwortung. Damit hat er sich aber nicht zugleich schuldig gemacht. Er kann diese Verantwortung zurecht tragen. Dass man moralisch Verantwortung für andere Menschen hat, die auf einen angewiesen sind, steht auf einem anderen Blatt. Diesen Aspekt kann ich bei @Dindl zumindest nachvollziehen. Grundsätzlich gilt - wenn ein Mensch mit 15 Jahren unserer Betreuung unterliegt, dann ist es auch eine Sache der Gesellschaft, wie dieser  jugendlich unreife Mensch dadurch geprägt wird, bzw. wie er sich entwickelt. Das ist ohne Wertung, sonder ein faktum. So darf gefragt werden, ob nicht rechtzeig passenede Maßnahmen eine bessere Sozialisation bewirkt hätten, und falls eine psychische Beeinträchtigung vorliegt, man nicht helfend etwas hätte bewirken können - denn viele Kinder und Jugendliche haben schon die ""seelische Hölle"" hinter sich, wenn sie hier ankommen. Noch einmal: Mit Schuld hat das nichts zu tun."
84;escritor;1;70;Glücklicherweise dreht sich die Welt auch weiter, wenn wir ein paar Flüchtlinge in Deutschland haben. Möglicherweise war die Abschiebung des Afghanen rechtens, trotzdem ist ein Mensch gestorben und sollte Grund genug sein um keine Witze zu reissen und auch nicht um danach noch zynische Sprüche abzusondern. Doch leider scheint die Panikmache von AFD, Söder, Seehofer etc. sehr vielen Menschen das Hirn derart zu vernebeln, dass sie nicht nur jeglichen Anstand vergessen sondern geradezu hysterisch auf Veränderungen in der heilen Welt reagieren.
85;antinero;1;71;Sie vermuten mich auf der falschen Seite! Lesen Sie worauf ich  geantwortet habe und was der Sinn meiner Antwort ist.
86;Frau Funke;1;72;@ WeitOffeneGesellschaft  Anstatt anzuklagen, mangelnde Empathie und Moral zu unterstellen, erwarte ich zündende und praktikable Ideen, die Menschen davon abzuhalten, überhaupt in diese Boote zu steigen. Und zwar jetzt...just in diesem Moment, denn der nächste Fuß besteigt schon wieder so ein Boot. Sind NGO's und sonstige Organisationen direkt vor Ort, um mit dieser Vehemenz die Menschen genau vor diesem Schritt zu warnen und abzuhalten? Aufklärung darüber - und zwar richtig ehrliche - welche Chancen wer auch immer hier in Europa hat. Wie hoch das Risiko tatsächlich auf dem Meer ist.  Menschen, die bewusst das Risiko in Kauf nehmen, klammern sich an das letzte Fünkchen Hoffnung - um nicht in die Agonie der Perspektivlosigkeit zu fallen. Wobei es auch andere Perspektiven gäbe - nur sehen sie sie nicht als solche. Also laufen sie weiter einem Traum nach - wachen möglicherweise aber in einem Albtraum auf. Genau vor Ort, bevor die Menschen einsteigen, sehe ich noch ganz viel Handlungsbedarf.
87;Namensgebung;1;73;Geht's noch? Ich habe lediglich auf einen Beitrag mit einer unterirdischen Unterstellung geantwortet.
88;Helveltom;1;74;""" Ihre Argumentation sollten Sie aber dringend überarbeiten ""  Warum sollte er das ? Weil Sie Ihnen nicht gefällt ? Das ist doch gerade das , was vielen auf den Keks geht. Sie wollen anderen erzählen wie sie zu denken und zu argumentieren haben ."
89;Elizar;1;75;In Deutschland gilt das GG, richtig. Ein Grundrecht ist dabei das Recht auf Freiheit. Dieses Recht kann aber unter umständen eingeschränkt werden und das ist auch ganz gut so. Weiterhin gilt in Deutschland, dass ein Straftäter, der eine Freiheitsstrafe von mindestens 1 Jahr verhängt bekommt und gleichzeitig kein deutscher Bürger ist nunmal abgeschoben wird. Der Afghane war erwiesenermaßen ein MEHRFACH verurteilter Straftäter. Wegen Raub und Körperverletzung. Er wurde von der Stadt Hamburg gemeldet. Daraus ergibt sich für mich, dass die Abschiebung absolut in Ordnung ist. Sollten Sie der Meinung sein, dass dem nicht so ist, beantworten Sie mir bitte die folgende Frage: Gilt das Grundgesetz nur für den abgeschobenen Afghanen, oder darf ich auch erwarten, dass mein Grundrecht auf die Unversehrtheit meines Körpers Ihnen ebenfalls irgendwas bedeutet? Mal abgesehen davon, dass Sie mir noch immer nicht nahelegen konnten, welches Gesetz denn nun seitens des deutschen Staates gebrochen wurde.
90;Binane;1;76;Die Einwanderung/Asylproblematik ist aber nicht das wichtigste Thema. Dieses Thema wird nur leider von einer bestimmten Gruppe der Bevölkerung als das Kernthema gesehen.
91;Yogy49;1;77;Er ist derBeste den wir je hatten.
92;karlmue;1;78;>Wie verträgt sich solch eine Aussage mit der Tatsache, daß sich die meisten Migranten Deutschland wegen des Geldes aussuchen?< Was erst einmal nur Ihre Äusserung ist.   Nicht das Geld ist den Menschen entscheidend, sondern vernünftig leben zu können,  und des weiteren mit dem Zahlungsmittel vielleicht auch den Zurückgebliebenen in der Heimat zu einem vernünftigen Leben verhelfen zu können.
93;Landegaard;1;79;"""Flüchtlingszahlen ""als Selbstzweck"" zu begrenzen und deswegen Menschenleben zu opfern halte ich auch für unmoralisch."" Der empathische Mensch erkennt ja den Zweck in der Begrenzung von Flüchtlingszahlen und weiß, dass das kein Selbstzweck ist.  Menschenleben werden dadurch auch nicht geopfert, es wird die Bereitschaft langfristig erhalten, Flüchtlingen in Not helfen zu wollen.  "" halte ich auch für unmoralisch"" Ich halte moralische Urteile ohne erkennbares Sachinteresse schon für unmoralisch.  ""Seenotrettung tatsächlich zu einer Alternative "" Die Seenotrettung schafft den Rechtsrahmen zur Verbringung der Flüchtlinge nach Europa.  Daher die Schlauchboote, von denen nicht eines Europa erreichen KANN. Und warum werden die bestiegen? Wegen der Seenotrettung, die sie dahin bringt, wofür der Schlepper bezahlt wurde: Nach Europa."
94;Landegaard;1;80;"""Anstatt anzuklagen, mangelnde Empathie und Moral zu unterstellen, erwarte ich zündende und praktikable Ideen, die Menschen davon abzuhalten, überhaupt in diese Boote zu steigen."" Hatten wir bereits oft genug: Seetüchtige Schiffe chartern und die Flüchtlinge in den Häfen Nordafrikas abholen und nach Deutschland (oder EU) schiffen.  Keine Schlepper, kein Ertrinken, keine Seenotrettung, keine Chance nur für wohlhabende junge Männer.  Moralisch der Hit, praktikabel, Schlauchboote ade. Muss man berücksichtigen, wenn mit der Moral geschwungen wird.  Ja, der Handlungsbedarf liegt immer schon ""vor Ort"". Es wird ""vor Ort"" aber nicht gehandelt. Und es liegt nicht in unserer Macht, das zu erzwingen."
95;Landegaard;1;81;"""Die Einwanderung/Asylproblematik ist aber nicht das wichtigste Thema. "" Immer wieder diese Fake-Aussagen Schauen Sie auf die seriösen Zahlen: https://de.statista.com/s... ""nur leider von einer bestimmten Gruppe der Bevölkerung als das Kernthema gesehen"" Jaja, die bösen ""bestimmten Gruppen"". Interessieren sich einfach für Themen, die sie interessieren."
96;Tönernen;1;82;"""Hier ist ein Mann am Werk der dem Land mehr geschadet wie genutzt hat."" Naja, meinen Sie? Wir könnten x-beliebige Personen in diese Äußerung einsetzen, aber dann debattieren wir auf ""Kristallkugel""-Niveau.  Die einen sagen es wird alles supertoll, die anderen sagen es wird alles mega doof und es gibt welche die auf Fakten warten bzw. nutzen um dem ideologisch festgefahren Populismus entgegen zu treten um sich nicht auf Wahrsagerei oder Behauptungen zu verlassen."
97;Frau Funke;1;83;"@karlmue  ++So darf gefragt werden, ob nicht rechtzeig passende Maßnahmen eine bessere Sozialisation bewirkt hätten, und falls eine psychische Beeinträchtigung vorliegt, man nicht helfend etwas hätte bewirken können - denn viele Kinder und Jugendliche haben schon die ""seelische Hölle"" hinter sich, wenn sie hier ankommen.++ Bin da ganz bei Ihnen. Es sollten Fragen gestellt werden, was ist in diesen 8 Jahren evtl. falsch gelaufen - was genau, von wem und in welcher Art und Weise. Es bleiben einfach zu viele offene Fragen, denn wir wissen viel zu wenig an tatsächlichen Fakten, als dass wir eine Bewertung oder sogar ein absolutes Urteil treffen können. Und genau da setzt mein Kritikpunkt an. Wir wissen eben nicht, was alles zu seiner Biografie dazu gehört. Hätte er Hilfe gebraucht. Wenn ja, gab es die überhaupt in dem Maße. Hätte er z.B. psychologische Hilfe überhaupt angenommen. Was hat zu seiner Kriminalität geführt. Die ist nun mal der Grund für die Abschiebung. Und insofern bleibe ich bei meiner Einschätzung unseriös. Und ich betrachte die Behauptung von dem User auch deshalb als polemisch, weil er viel zu schnell irgend jemandem die Verantwortung überträgt, ohne Hintergründe zu kennen."
98;Sphinx69;1;84;"""dasselbe gilt für seinen Nachfolger in München, der seine Wortwahl erst dann bedauerte, als sie sich zunehmend als Bumerang erwies."" Söder hat das Wort Asyltourismus nie bedauert. Er will es nur nicht mehr verwenden, weil man dann nicht mehr über die Sache diskutiert hat. Gleichzeitig betonte er jedoch dass dies seine Meinung wiederspiegelt. Also das ist kein Bedauern oder eine Entschuldigung für mich."
99;Frau Funke;1;85;"@Landegaard  ++Hatten wir bereits oft genug...++ Eben genau deshalb. ++Ja, der Handlungsbedarf liegt immer schon ""vor Ort"". Es wird ""vor Ort"" aber nicht gehandelt. Und es liegt nicht in unserer Macht, das zu erzwingen.++ Auch das ist richtig. Deshalb suchen sich NGO's auch den etwas leichteren Weg - wollen somit Fakten schaffen. Andere Länder schaffen aber derzeit gerade andere Fakten. Die Situation verschärft sich.  3 Jahre wurde gesprochen, diskutiert, verhandelt...werde langsam etwas ungeduldig. Heute ist man bereits hellauf begeistert, wenn während eines EU-Treffens ein Ankündigungs-Kommuniqué verfasst werden kann - und alle unterschreiben das auch noch - welch ein Fortschritt in der heutigen Zeit. Seit Monaten schreibe ich keine Kommentare mehr, wenn es um Flüchtlinge geht. Weil eben so vieles gefühlt millionenfach diskutiert wurde. In einigen Kommentaren konnte ich gute Ideen und Vorschläge finden, empfand sie als klug und auch umsetzbar. Diese klugen Köpfe gibt es auch unter den Beratern der jeweiligen Regierungen. Einer ist aus Austria und heißt glaube ich Knaus. Moralisches Keule schwingen lässt mich manchmal allerdings meinen Vorsatz vergessen, mich nicht mehr zu beteiligen. :-)"
100;Landegaard;1;86;"""So darf gefragt werden, ob nicht rechtzeig passenede Maßnahmen eine bessere Sozialisation bewirkt hätten"" Natürlich darf das gefragt werden. Ich darf dann ebenso fragen, was Sie denn meinen, bei einem 15-Jährigen ""besser sozialisieren"" zu können? Ich darf fragen, ob Sie wirklich argumentieren, dass der Innenminister für die Sozialisierung eines 15-Jährigen Flüchtlings verantwortlich ist? Und dann darf ich fragen, was all das damit zu tun hat, dass er ein Straftäter geworden ist und deshalb kein Bleiberecht hat?  ""Grundsätzlich gilt - wenn ein Mensch mit 15 Jahren unserer Betreuung unterliegt, dann ist es auch eine Sache der Gesellschaft, wie dieser jugendlich unreife Mensch dadurch geprägt wird"" Das sehe ich nicht so, weder grundsätzlich, noch ist das ein ""Faktum"". Fakt ist, dass seine Sozialisierung mit 15 bereits weitgehend abgeschlossen ist und es nicht die Aufgabe des Innenministers oder der Gesellschaft ist, alles vorherige zu ""retten"", bis er 18 ist. Ab da ist er auch selbst ein bisschen für das verantwortlich, was er tut."
101;Landegaard;1;87;"""Also das ist kein Bedauern oder eine Entschuldigung für mich."" Er hat sogar klar gemacht, dass er keinen Anlass sieht, etwas zu bedauern oder sich zu entschuldigen. Warum auch?"
102;FloMei;1;88;Das hat vielleicht mit allzu viel moralischer Sülze zu tun, die von Leuten mit einer persönlich eher zweifelhaften Moral kommt. So auch hier: Es ist nicht die Aufgabe des Bischofs moralische Zensuren an Bundesminister auszustellen und deren Schein-(Heiligkeit) festzustellen - wo bleibt da die Absage an Werkegerechtigkeit und das Vermächtnis der Zwei-Reiche-Lehre. Solche Bewertungen sind täglich hundertfach vom Käsblatt bis zum Präsident, von NGOs bis Internetvlog zu hören und bringt auch der gläubige Hiterbänkler noch hin. Die Kirche hat die Aufgabe der Verkündigung des Evangeliums, der Überzeitlichkeit, der Versöhnung, des Trosts und der Vergebung. Da gäbe es mehr als genug zu tun im aufgewühlten Land.
103;Watz up;2;2;Dem schließe ich mich an. Die Bemerkung war unschön und unpassend, es wurde entsprechend ausführlichst berichtet, aber da jetzt eine solche Kampagne draus zu machen ist überzogen. Da haben wir ganz andere Probleme. Wie geht es den jetzt eigentlich weiter mit Merkels europäischen Lösungen?
104;paho;2;3;Das ist eine widersprüchliche Argumentation, einerseits sagen Sie, dass die Debatte um die Aussage von Seehofer überzogen ist, andererseits argumentieren Sie aber, dass Lindner's Aussage dann doch problematisch genug war, um der FDP das Recht zur Kritik an Seehofer zu nehmen?
105;Tobias87;2;4;Der Kommentar, auf den Sie Bezug nehmen, wurde bereits entfernt.
106;Henry94;2;5;"Diese Aussage ist auch ohne Verbindung zu dem Suizid unerträglich. Seehofer hat sich offenbar über dieses ""Geburtstagsgeschenk"" gefreut, das schelmische Grinsen konnte er sich ja nicht verkneifen. Das ist vielleicht alles, aber nicht christlich, wie sich diese Partei immer noch schimpft. Nächstes Mal sollte er vielleicht sein Bedauern darüber äußern, dass überhaupt derart viele Rückführungen erfolgen, aber das nimmt ihm jetzt eh niemand mehr ab."
107;mirinord;2;6;Ich möchte einfach nicht von egozentrischen Zynikern regiert werden - und als solcher hat sich Seehofer durch seine Äußerung erwiesen. Dafür ist es völlig unerheblich, dass einer der Abgeschobenen Suizid begangen hat.  Die europäischen Lösungen scheitern unter anderem daran, dass nationaler Egoismus à la Seehofer zur Zeit in Europa en vogue ist. Wie erstaunlich, dass da mit gegenseitiger Unterstützung nicht zu rechnen ist!
108;arseno;2;7;Der Kommentar, auf den Sie Bezug nehmen, wurde bereits entfernt.
109;antinero;2;8;"Seehofer sollte sich als Original auf dem Nockherberg melden. Da kann er flapsige Bemerkungen machen, bis ihm selber davon übel wird. Als Entscheider und als Vorbild für die Menschen eignet er sich ""NULL"". Danke, Bedford-Strohm. Das Horst-Niveau passt dorthin, wo er seine Modelleisenbahn hat. Unterirdisch - in den Keller."
110;Tommy1600;2;9;Ich äussere mein Bedauern darüber daß immer noch so viele Menschen zu uns kommen und schon bei uns im Lande sind die sich jetzt falsche Hoffnungen machen obwohl sie eigentlich 0 Chance auf Asyl haben.
111;Watz up;2;10;Wenn Sie einfach nicht von egozentrischen Zynikern regiert werden wollen, dann müssen Sie zukünftig anders wählen ,-) Nicht der vermeintlich offensichtliche Zyniker ist auch der größte Zyniker :-)
112;Manus Cornu;2;11;Ich bürge auch für hunderte Geflohener, wenn Sie das wollen, aber dann fordere ich das auch für jeden, der bei Pegida mitläuft und die AfD wählt. Oder wollen wir beide unsere Mitmenschen wie die Erwachsenen Menschen ansehen, die sie sind? Ist das schon zu viel verlangt?
113;ZurGleichenZeit;2;12;"""...obwohl sie eigentlich 0 Chance auf Asyl haben"" Dass die meisten 0 Chance auf Asyl haben, wissen viele schon vorher. Der Punkt ist, dass die Allermeisten ja doch bleiben, auch ohne Asyl. Die Abschiebungszahlen belegen das."
114;Arrian;2;13;"Die Aussage des Herrn Seehofer war nicht ""flapsig"", sondern in höchsten Grade zynisch. So etwas passt zu Despoten vom Schlage eines Bokassa oder Duvalier, aber nicht zu einem Minister in einem demokratischen Staat. Als Verfassungsminister ist er zudem Hüter des Grundgesetzes, allem voran Artikel 1, die Würde des Menschen.  Dieser Mann ist für sein Amt schlicht ungeeignet."
115;bulb fiction;2;14;Die flapsige Aussage wäre auch ohne den Selbstmord nicht weniger zynisch und unangemessen.
116;ChilliCheeseChihuahua;2;15;"""Dem schließe ich mich an. Die Bemerkung war unschön und unpassend, es wurde entsprechend ausführlichst berichtet, aber da jetzt eine solche Kampagne draus zu machen ist überzogen. Da haben wir ganz andere Probleme."" Das sehe ich anders. Genau aus dieser Verrohung von Sprache und Sitten (wie meine Mutter sagen würde) entsteht doch der rechte Mob, der ja zur Zeit zweifelsfrei die größte Gefahr für Deutschland darstellt. Klar, so groß wurde es nur wegen des Selbstmordes, aber unabhängig davon kann man ja aus diesem Anlass den (auch in anderen Situationen) unmöglichen Stil unseres Innenministers kritisieren."
117;Herbert Frahm;2;16;"Zynisch ist es Verbrecher  (der abgeschobene Afghane ist mehrere male rechtskräftig verurteilt worden, oder nicht?) ohne Asylberechtigung in Deutschland zu lassen und die Opfern zu zwingen den Verbrecher zu alimentieren. Sich selbst moralisch zu erhöhen weil man seine eigenen Nachbarn / Landsleute einen Verbrecher aufdrängt  zeigt einen unfassbaren Grad von Verkommenheit. Der Mann hätte  nach der ersten Straftat abgeschoben werden müssen. Stattdessen wurde mitnichten ""der Nutzen des deutschen Volkes gemehrt. Im Gegenteil. Nb. ist das nicht nazi? Volk in Verbindung mit Deutsch...also bitte!!! -scnr Den einzigen Fehler den Horst Seehofer gemacht hat keine 6900 abzuschieben."
118;Watz up;2;17;"Daraus entsteht nicht nur rechter ""Mob"". Da nehmen sich alle Seiten die so agieren nichts."
119;TheRibus;2;18;Wo genau ist denn derzeit der rechte Mob die größte Gefahr? Spielen Sie dabei auf den NSU an? Das ist nun schon einige Jahre her. Aktuell sind dagegen nach wie vor versuchte oder in die Tat umgesetzte islamistische Anschläge. Da würde ich das größte Risiko sehen.
120;ChilliCheeseChihuahua;2;19;"""Wo genau ist denn derzeit der rechte Mob die größte Gefahr? Spielen Sie dabei auf den NSU an? Das ist nun schon einige Jahre her. Aktuell sind dagegen nach wie vor versuchte oder in die Tat umgesetzte islamistische Anschläge. Da würde ich das größte Risiko sehen."" Anschläge? Die sind persönlich tragisch, sollten aber für Realpolitik irrelevant sein, mal abgesehen davon, dass der NSU (im Gegensatz zu potentiellen islamistischen Terroristen) offenbar weitreichende Unterstützung aus staatlichen Behörden erhielt. Das ist doch eine ganz andere Dimension als ein paar Hobbybombenbauer! Ansonsten spielte ich primär auf den europäischen Rechtspopulismus im Ganzen an, der nationenübergreifend den europäischen Fortschritt blockiert und auf nationaler Ebene Gewaltenteilung und Rechtsstaat angreift. Das kann auf lange Frist unsere Freiheit bedrohen, nicht irgendwelche durchgeknallten Terroristen."
121;Verbal;2;20;"@Manus Cornu: ""Ich bürge auch für hunderte Geflohener, wenn Sie das wollen, aber dann...."" Bei der ganzen Debatte über Migration sollten wir uns meiner Meinung nach ""ehrlicher"" machen. Tatsächlich bin ich der Meinung, dass der Staat einem Bürger oder besser einer Gruppe von Bürger, die Möglichkeit geben sollte, für Menschen in Not, die  außerhalb unseres Asylsystems stehen,  ""zu bürgen"".  Diese  Menschen sollten dann auch, wenn keine Sicherheitsbedenken bestehen, kommen können. Die finanzielle Verantwortung für diese Menschen sollte dann aber auch tatsächlich übernommen werden. Mit einer Position habe ich wirklich ein Problem (da habe ich eine konkrete Diskussion vor Augen), die für hohe Standards von Moral eintritt, dann  aber zumindest den größeren Teil der  ""Kosten"" dieser Moral sozialisieren wollen (das muss dann der Staat machen, ich habe doch schon...). Auch bei den Kirchen würde ich mich freuen, wenn sie durch (noch mehr) aktives Tun die Integration der Migranten zu einer Erfolgstory werden lassen."
122;Betta-Splendens;2;21;""""" ... dass Lindner's Aussage dann doch problematisch genug war, um der FDP das Recht zur Kritik an Seehofer zu nehmen?"""" Da Lindner selbst erfahren hat wie schnell man wegen eines Satzes zur Zielscheibe von Medien und Konkurrenzparteien wird - könnte man eine gewisse Mäßigung seiner Kritik an Seehofer erwarten. Andererseits wäre es psychologisch auch gut zu erklären, dass Lindner nun besonders gern in die Kritikwelle einstimmt."
123;roland_s;2;22;Das die Aussage mit dem Suizid zusammen geht, ist Zufall. Aber ein Innenminister hat sich, zudem in seinem Amt, gefälligst sachlich und nicht flapsig zu äußern! Erst recht nicht zu so etwas Ernstem wie Abschiebung. Wenn er sich in diesem Rahmen geäußert hätte, wäre es auch zu keinerlei Kollision mit dem Suizid gekommen. So ätzend die Äußerung Lindners gewesen ist: Der war a. nicht im Amt und b. War die Bemerkung nicht derart geschmacklos. Ein Rücktritt wäre im Gesamtkontest der letzten Wochen mehr als überfällig. Seehofer hat inzwischen auf mehren Eben gezeigt, dass er die Reife für das Amt nicht besitzt. Als Parteivorsitzender könnte er so blöken. Aber so nicht!
124;porrikles;2;23;"""Die Debatte finde ich überzogen."" Da muss ich Ihnen ausnahmsweise zustimmen. Herr Seehofer redet aus fachlicher Sicht eine ganze Menge Unsinn, wie ich finde, wofür man Ihn auch zurecht kritisiert. Und für jede Position wo es um zwischenmenschliche Kompetenz geht, hätte er sich mit seinem dummen Witzchen disqualifiziert. Aber von einem Innenminister erwarte ich, dass er für innere Sicherheit sorgt. Wenn er überdies auch soziale Skills mitbringt, ist das ein schönes Goodie. Aber es ist keine Voraussetzung für den Job."
125;Mint Choco;2;24;Ist es denn nicht zynisch, Herrn Seehofer wegen einer Aussage wie dieser, mit einem Diktator gleichzusetzen, der tausende Menschen umbringen ließ?
126;1horn;2;25;++Nächstes Mal sollte er vielleicht sein Bedauern darüber äußern, dass überhaupt derart viele Rückführungen erfolgen++ Wieso sollte sich ein Innenminister bedauernd äußern wenn geltendes Recht durchgesetzt wird ?
127;Grundgesetz-Gutmensch;2;26;"""Die Debatte finde ich überzogen. Nur weil zufällig Seehofers flapsige Aussage mit dem Suizid eines abgeschoben, mehrfach rechtskräftig verurteilten Kriminellen korrelierte.""  - Nein, nicht nur deswegen. Einwürfe wie diese sind eminent wichtig und absolut überfällig: die ganze Asyldebatte ist doch mittlerweile von einer Kälte, einem Zynismus und einer Gefühllosigkeit geprägt, die nicht nur christlichen Werten (wie war das nochmal mit der C(!!!)SU???) Hohn spricht, sondern auch Grundwerten des gesunden Menschenverstandes, der anerzogenen wie der gesellschaftlichen Normen und Werte. Es kann nicht sein, dass eine Debatte, bei der es um hunderttausende Menschen geht, in einer Weise geführt wird, dass empathischen Menschen regelmäßig das Frösteln kommt, wenn sie Debattenbeiträge lesen oder hören. Wir reden viel über Identität, über Werte, über unser Selbstverständnis. Ein Land, das zunehmend in Richtung emotionaler Armut taumelt, wird keine Freude an sich selbst haben. ÜBRIGENS (falls jetzt wieder welche meinen, auf diese Weise verböte sich Kritik an der liberalen Flüchtlingspolitik seit 2015): Es geht mir um den TON der Debatte, nicht notwendigerweise um den Inhalt."
128;Henry94;2;27;"Da fehlt doch glatt das ""müssen"". Ich wollte auf die Fluchtursachen hinaus, die dazu führen, dass diese Rückführungen überhaupt nötig sind."
129;antinero;2;28;"Wenn es um Flüchtlinge geht, sitzen die Hartherzigen aller Parteien in einem Boot und die parteilosen Wähler gleichen Charakters drängen auch hinzu. Es ist schon so schlimm, dass man in Abwandlung eines alten Spruches sagen könnte: ""Hört auf damit, das Boot ist voll. Wir Hartherzigen saufen ab."""
130;Landegaard;2;29;""" Aber ein Innenminister hat sich, zudem in seinem Amt, gefälligst sachlich und nicht flapsig zu äußern! "" Es hat sich ja nichts an dem geändert, was Seehofer sagte. Es war eine unglückliche Bezugnahme auf seinen Geburtstag. Und doch kommen ernsthaft Rücktrittsforderungen.  Gut, die kommen immer vom politischen Gegner. Bleiben wir entspannt."
131;Landegaard;2;30;"""Die europäischen Lösungen scheitern unter anderem daran, dass nationaler Egoismus à la Seehofer zur Zeit in Europa en vogue ist. "" Seehofer ist mit seinen Vorschlägen wesentlich näher an einer europäischen Lösung als Merkel das mit ihrer merkelschen Lösung ist.  Europa wollte nie mehr Flüchtlinge, als vor 2015 im Durchschnitt kamen. Europa wollte nie das deutsche Willkommensgedöhns. Das war nie anders. Das nicht wahrnehmen zu wollen und stattdessen Flüchtlinge zur Existenzfrage (in D) zu machen, führt nicht zu mehr Aufnahmebereitschaft, sondern zu der, die gerade in Italien zu sehen ist.  Die europäische Lösung gibt nebenbei längst: Mal ins Schengen- und Dublinabkommen schauen."
132;Grundgesetz-Gutmensch;2;31;"""Seehofer ist mit seinen Vorschlägen wesentlich näher an einer europäischen Lösung als Merkel das mit ihrer merkelschen Lösung ist. ""  - Sie verstehen das Grundproblem offensichtlich nicht: Seehofers ""Lösungen"" laufen auf nationale Maßnahmen hinaus, die, würden sie nach seiner ""reinen Lehre"" umgesetzt, mit den nationalen Interessen gerade Österreichs und Italiens in der Flüchtlingspolitik kollidierten. Die wiederum würden nationale Gegenmaßnahmen einleiten, ihrerseits Flüchtlinge zurückweisen - was im Falle Italiens für die Flüchtlinge das buchstäbliche Nichts bedeuten würde - und wir hätten am Ende gar nichts außer ein Klima der kollektiven Abschottung. Bei all ihren Fehlern hat Merkel zumindest verstanden, dass man einen europäischen Minimalkonsens bei der Ordnung von Flüchtlingsströmen und gewissen humanitären Mindeststandards in Einklang bringen muss. Und dass man es nicht dabei belassen darf, Flüchtlinge einfach mitten in Europa abzuweisen, ohne, dass überhauprt klar ist, was weiter mit ihnen passiert. ""Mal ins Schengen- und Dublinabkommen schauen.""  - Klar. Hat man 2014/15 gesehen. Einfach alles auf die Randstaaten abwälzen, bis die keinen Bock mehr haben und die Flüchtlinge weiterschicken, bis am Ende die nachfolgenden Staaten nationale Grenzen schließen und damit Schengen zerschießen. Wirklich - hat super funktioniert!"
133;roland_s;2;32;Die Rücktrittsforderungen sind aber berechtigt! Er hat sich seit Wochen disqualifiziert für das Amt, weil er Parteiarbeit vor das Amt als Ministerpräsident stellt.
134;Rudolf K.;2;33;"Die Skandalisierung wird bewusst herbeigeführt. Seehofer soll aus dem Amt entfernt werden. Dazu dient diese völlig überzogene Diskussion in bestimmten Medien und bei Grünen und Linken.  Diese Methode hat doch schon bei anderen unliebsamen Politikern geklappt, z.B. beim früheren Bundespräsidenten Köhler, der wegen einer ungeschickten Interview-Äußerung so lange von einigen ""kritischen"" Medien vorgeführt wurde, bis er das Handtuch geworfen hat."
135;Rudolf K.;2;34;"""Die Debatte finde ich überzogen."" Mir geht es ebenso. Die Skandalisierung einer ungeschickten oder unpassenden Bemerkung ist Mittel zum Zweck. Sie soll dazu führen, dass ein unliebsamer Minister zum Rücktritt gezwungen werden soll. Wenn nur genügend öffentlicher Wirbel erzeugt worden ist, dann glaubt man Seehofer und mit ihm seine Migrationspolitik loswerden zu können. Dass auch der Kirchenmann Bedford-Strohm wieder mahnend und warnend den moralischen Zeigefinger erhebt, finde ich ebenfalls überzogen."
136;Deutungshoheit Links Nix Gut;3;2;Der Kommentar, auf den Sie Bezug nehmen, wurde bereits entfernt.
137;Axcoatl;3;3;Glückwunsch: das war der mit Abstand dümmste Kommentar heute. Den Titel macht Ihnen auch keiner mehr streitig, zu groß ist der Vorsprung. Was am Wort 'Christlich' haben Sie nicht verstanden? Die CSU hat das sogar im Namen - Christlich SU - und deren Führungsmannschaft (ja, kaum Frauen an Bord) agiert, als wäre sie der Rechtsausleger der AfD.
138;alice_42;4;2;>> Ich dachte immer wir hätten irgendwo die Trennung von Kirche und Staat. << Könnten Sie das gelegentlich den Damen und Herren aus den C-Parteien mitteilen?
139;Yolonade;4;3;Entfernt. Bitte verzichten Sie auf Beleidigungen. Danke, die Redaktion/ee
140;Johannes aus Hessen;4;4;Die Schäfchen liefen der EKD davon. Vielleicht kommen sie wegen der mutigen Aussage von B-S zurück?
141;McBudaTea;4;5;Auch mit einer Trennung von Kirche und Staat haben Kirchenvertreter das Recht, sich politisch zu äußern. Das nennt sich Meinungsfreiheit.
142;matius2;4;6;Und das ist gut so ... Sich eindeutig zu positionieren ist leider Mangelware geworden ...  Mitläufer gab es immer schon zu Viele
143;Powdered Toast Man;4;7;"Bei Kirchenvertretern denke ich mir immer: talk is cheap. Schaut die vergoldeten Paläste an, in denen Gottesdienst gefeiert wird, aber auch Bischöfe residieren, dann stellt euch vor, was man mit diesem Reichtum an Hunger und Krankheit in der Welt lindern könnte. Wenn die ältere Dame, die alljährlich bei mir klingelt und um eine Spende für die kirchliche, karitative Organisation mit dem C bittet, dann sage ich ihr ""fragen Sie Ihren Chef auf dem goldenen Thron in Rom, der hat sicher was übrig""."
144;contradore;4;8;"""Er sollte sich lieber um das Seelenheil seiner Schäfchen kümmern."" na sicher.  sonst trommeln sie unablässig für die meinungsfreiheit der selbsternannten ""andersdenkenden"" - sobald aber jemand anders denkt als sie selbst, hat er gefälligst den mund zu halten. immer das gleiche bei den möchtegern-opfer-laiendarstellern."
145;matius2;4;9;Ich sehe täglich wie sehr sich viele hier nach Maulkörben sehnen ...
146;Hedamp;4;10;Nein, nicht um das Seelenheil seiner Schäfchen, sondern der Opfer von solchen Straftätern. Niemand weiß von ihnen, niemand kümmert sich. Wie bei Amri-Attentat. Wer das erlebt hat, weiß, wovon ich spreche.
147;unbenannt;4;11;"""Ich dachte immer wir hätten irgendwo die Trennung von Kirche und Staat."" Dann haben Sie die Bedeutung und Reichweite nicht so ganz verstanden."
148;Dindi;4;12;Da sind Sie falsch informiert. Wenn alle Staaten in der Welt nur ein Drittel dessen machen würden, was die Kirchen weltweit tun, hätten wir vermutlich keine humanitären Katastrophen mehr. Sie unterschätzen oder wissen einfach nicht, wie viel die Religionen an sozialem in der Welt auffangen. Nicht nur die Kirche, sondern alle Religionen. Ich persönlich halte nichts von Religionen, aber man muss schon bei der Wahrheit bleiben.
149;antinero;4;13;Der Kommentar, auf den Sie Bezug nehmen, wurde bereits entfernt.
150;Dindi;4;14;Der Kommentar, auf den Sie Bezug nehmen, wurde bereits entfernt.
151;antinero;4;15;"@Bei Kirchenvertretern denke ich mir immer: talk is cheap. Wenn die ältere Dame, die alljährlich bei mir klingelt und um eine Spende für die kirchliche, karitative Organisation mit dem C bittet, dann sage ich ihr ""fragen Sie Ihren Chef auf dem goldenen Thron in Rom, der hat sicher was übrig"". > Sie haben recht:  talk is cheap."
152;contradore;4;16;"""Wenn die ältere Dame, die alljährlich bei mir klingelt und um eine Spende für die kirchliche, karitative Organisation mit dem C bittet, dann sage ich ihr fragen Sie Ihren Chef auf dem goldenen Thron in Rom, der hat sicher was übrig."" jo. und wenn die ältere dame evangelisch ist - so wie bedford-strohm, den sie hier zu kritisieren versuchen - wird sie über ihre dümmliche pauschalisierung zu recht den kopf schütteln."
153;mandragor;4;17;Aber das interessiert diesen Herrn mit dem Dauerlächeln im Gesicht scheinbar nicht, leider. Was ist nur aus der evgl. Kirche geworden, eine Show-veranstaltung ohne Tiefe, nur Bla Bla!
154;contradore;4;18;Der Kommentar, auf den Sie Bezug nehmen, wurde bereits entfernt.
155;Die Alternative zur Alternative;4;19;Schade, dass Sie sich nicht besser informieren.
156;contradore;4;20;"""Nein, nicht um das Seelenheil seiner Schäfchen, sondern der Opfer von solchen Straftätern."" bedford-strohm redet von der diskussion um die flüchtlingspolitik.  sind flüchtlinge für sie samt- und sonders ""staftäter""?"
157;Raoul_Duke;4;21;Er klagt wohl vielmehr, weil die Kirchen große Profiteure der Flüchtlingsmassen sind. Gibt diverse Artikel hierzu. Einfach mal googeln.
158;Manus Cornu;4;22;1. Die Trennung von Kirche und Staat ist in Deutschland - leider - nicht annähernd so streng, wie man meinen könnte. 2. Zwar sprach auch Luther schon von zwei Schwertern, aber nennen Sie mir einen Geistlichen, der mehr Politik gemacht hat, als er! 3. Eindeutige Positionierung hat in der  Kirche Tradition, deutlichstes Beispiel sind Bonhoeffer und Niemöller. 4. O tempora o mores: In welcher Zeit leben wir, in welchem Zeitgeist leben wir, dass der Hinweis auf Empathie jedem gegenüber und den Wert des Lebens im Allgemeinen eine politische Positionierung ist! Traurig, wer solche Aussagen zu kritisieren sich berufen fühlt.
159;Manus Cornu;4;23;"""Gibt diverse Artikel hierzu, einfach mal googeln."" Für mich zu einem Synonym geworden für ""Ich bin Verschwurbler oder Verschwörer, glaubt meinen kruden Thesen!"""
160;Augustus.;4;24;nö, ist eine Aufforderung zur Eigenarbeit. Sie schaffen das!
161;antinero;4;25;"@ ""Genau das tut er!"" > Sie haben meine absolute Zustimmung! Aber in diesem Forum kann man leider erkennen, das manche Menschen so erbärmliche Angst davor haben, es könnte jemand etwas von ihnen verlangen, dass sie in unmenschliche Haltungen verfallen und diese -zu meinem größten Erstaunen -auch noch öffentlich zeigen. Wer früher so dachte, hätte gewusst, dass er dafür verachtet werden würde und dies deshalb für sich behalten. Heute wird das schamlos offenbart. Auch das drückte Bedford-Strohm sehr richtig aus. Üble egoistische Zeiten!"
162;chri.s;4;26;Entfernt. Bitte verzichten Sie auf Unterstellungen. Danke, die Redaktion/mp
163;gue_feldhaus;4;27;Ich frage mich schon seit einiger Zeit, warum immer nur verbale Entgleisungen oder bestimmte Denkrichtungen eines Seehofers kritisiert werden und nicht das Handeln oder Dulden der Regierungs-Chefin in dieser Frage? Merkel duldet ja schließlich die Seehofer-Show und werkelt eher unbemerkt daran, dass immer weniger Flüchtlinge nach Deutschland kommen. Warum kritisiert dies Herr Bedford-Strohm nicht? Könnte es sein, dass Merkel Seehofer als bösen Buben braucht um ihm die moralische Schuld in die Schuhe zu schieben? Also mir ist die Kritik von Bedford-Strohm zu oberflächlich. Sie hinterfragt überhaupt nicht das Entscheidende und zwar das Handeln der Regierung.
164;bavarius;4;28;Sie meinen, daher dürfe er sich nicht zu politischen Fragen äussern. Wer darf sich denn dazu äussern? Nur Politiker? Darf ich mich als Bürger dazu äussern? Ich bin Atheist, aber ichfinde, eine Kirche muss sich zu politischen Fragen äussern, wenn es dabei um das Wohl der menschen geht.
165;matius2;4;29;Der Kommentar, auf den Sie Bezug nehmen, wurde bereits entfernt.
166;Linkskonservativ;4;30;"Leider nehmen es die selbsternannten Hüter der Moral mit dem ""Wert des Lebens im Allgemeinen"" nicht mehr so genau, wenn es um den Schutz des ungeborenen Lebens geht. Wenn sich Kirchenleute für Flüchtlinge einsetzen, zitiert man sie gerne, aber wehe einer von ihnen äußert sich kritisch zur Abtreibungsproblematik (was in der evangelischen Kirche aber wahrscheinlich nicht mehr vorkommt). Dann sind sie mit ihren Moralvorstellungen im Mittelalter steckengeblieben, um hier nur mal eine der freundlicheren Unterstellungen zu zitieren. Ich bin übrigens aus der Kirche ausgetreten."
167;Frankfurt-Kathmandu;4;31;Vielleicht sollte er sich mal um die Opfer von gewalttätigen Menschen kümmern.
168;antinero;4;32;Ausdrückliche Zustimmung! Da kann ich Sie nur unterstützen. Und auch ich gehöre keiner Kirche an. Die Haltungen, die ich hier so oft lese, sind leider oft nur am eigenen Erfolg orientiert und lassen oft Logik und fairness vermissen, wenn sich jemand gegen seinen Meinungsgegner äußert.
169;Begeisteter Bürger;4;33;Mein Vorschlag wäre, dass er sich mal mit Christen in mehrheitlich sunnitisch-muslimischen Ländern unterhält. Ergänzend mit Jesiden, muslimischen Minderheiten (Ahmadis, Aleviten, Schiiten usw.). Dann würde ihm hoffentlich auffallen, dass die vermeintlich humanitäre Aufnahme von Asylbewerbern, die mehrheitlich sunnitischen Glaubens sind, für alle anderen Gruppen alles andere als eine humanitäre Zukunft verspricht.
170;Christopher.P;4;34;"Das ""Seelenheil"" ist unmittelbar damit verkünft, wie Christen mit anderen umgehen. Hier geht es darum ein Gebot zu befolgen:  """"Er antwortete und sprach: ""Du sollst Gott, deinen HERRN, lieben von ganzem Herzen, von ganzer Seele, von allen Kräften und von ganzem Gemüte und deinen Nächsten als dich selbst."" ""Lukas 10/27"
171;karlmue;4;35;">Was ist nur aus der evgl. Kirche geworden, eine Show-veranstaltung ohne Tiefe, nur Bla Bla!< Das ist Widersprüchlich, wenn Sie zugleich deren Einlassung wegen mangelnder Emphatie kritisieren. Wenn Kirchenvertreter nicht reagieren, bei allen gesellschaftlichen Verwerfungen und Entgleisungen schweigen, - da bin ich mir sicher - werden Sie bei nächster Gelegenheit ebenso den  Vorwurf machen, die ""Kirche""  würde schweigen und nur an ihrem eigenen Wohlbefinden denken."
172;BuntScheck;4;36;Die Paläste sind aber kein liquides Vermögen, dass an zB Pflegepersonal ausgezahlt werden könnte. Diese unveräußerbaren, denkmalgeschützten Kästen fressen eher Geld. Und die Kirchenschätze? Antike Kunstgegenstände, die an Privatiers (Museen werden sie eher nicht kaufen (können)) veräußert werden und somit nicht mehr von denen betrachtet (gar benutzt) werden können, die nicht zu diesem Kreis der Vermögenden gehören? Das ist zu kurz gedacht und hilft langfristig auch nicht. Natürlich wird noch in der Orga Geld verplempert. Wie bei jeder größeren Institution. Aber ein Ausverkauf von unseren (ja, ich gehör zum Verein) Kulturgütern in private Hände ist sicher nicht das Mittel der Wahl.
173;asklepion;4;37;Als Privatpersonen dürfen sie sagen was sie wollen im Rahmen der Meinungsfreiheit, aber als Kirchenvertreter eben nicht. Das ist im Übrigen auch ein Teil dessen was man Herrn S. vorwirft.
174;asklepion;4;38;Richtige Beobachtung, falsche Glaubensrichtung. B-S ist nicht bei den Katholen.
175;asklepion;4;39;Das Gefuchtel mit Armen und Beinen würde zwar zunehmen, aber die gewonnene Ruhe wäre es wert.
176;asklepion;4;40;Amtskirche war im Protestantismus zunächst auch gar nicht vorgesehen. So wie im Christentum allgemein. Das ist nur aus dem Ruder gelaufen.
177;Tanja Gönner;4;41;Und wegen der Trennung von Kirche und Staat wollen sie der Kirche einen Maulkorb verpassen und ihr die Meinungsfreiheit nehmen?
178;woherwohinwarum;4;42;"""Hier geht es darum ein Gebot zu befolgen: """"Er antwortete und sprach: ""Du sollst Gott, deinen HERRN, lieben von ganzem Herzen, von ganzer Seele, von allen Kräften und von ganzem Gemüte"" Wie schön. Sie kennen es ja doch, das OBERSTE Gebot. Nun müssen Sie es nur noch begreifen: ""und deinen Nächsten als dich selbst.""  Begreifen, dass da ein UND steht. Und kein ODER.^^"
179;m184;5;2;genau, weil es ja allen Ländern, wo es keine PC gibt (z.B. Russland, Iran, Somalia) alles soviel besser geht... Selbst in Ländern wie den USA, wo PC nur als Deckmantel gilt, ist Rassismus, Ausdünung der Mittelschicht, Verbreitung von Armut und Drogenkonsum (nicht Kiffen) so offensichtlich, dass übersteigt jedes Maß.  Sie sollten Ihren Wertekompaß neu justieren und froh sein, dass Sie hier leben und Ihre Meinung online kundtun dürfen, ohne dass der Geheimdienst freundlich anklopft, um dann weniger freundlich zu sein.
180;Alter Nihilist;5;3;Hätten sie da vielleicht Vorschläge? (Und wenn sie schon so kommen: Das Bürgertum ist doch bereits eine nicht gerade unterdrückte Klasse. Oder hab ich etwas verpasst?) Und an Herrn Haag: menschlicher Umgang untereinander hat noch nie irgend ein Land in den Abgrund gerissen. Oder wüssten Sie eines?
181;CentralScrutinizer;5;4;"Welche Sorte ""wohlmeinende"" Mitmenschen meinen Sie denn? Die, die sich in christlich-abendländischem Glauben dem Wohlergehen aller verpflichtet fühlen oder die, die in ängstlich-völkischer Manier nur den Mitmenschen innerhalb von Staatsgrenzen vermuten und dies als christlich-abendländisch bezeichnen?"
182;Dindi;6;2;Machen Sie nicht andere für den Mangel an Empathie verantwortlich. Das liegt bei denen, die keines haben.  Die Leute begeben sich in Seenot, weil die Alternative so aussieht (Ein Bericht des CNN): https://www.youtube.com/w...
183;mediensenf;6;3;Na, dann sollten Sie sich mal bemühen, die Kontrolle über Ihr Handeln zurückzugewinnen. Ich habe alles unter Kontrolle.
184;W Schaefer;6;4;Falsches Dilemma. Was haben die überhaupt in Libyen zu suchen außer den NGO-Schiffen vor der Küste?
185;Plor;6;5;Die Menschen riskieren das Ertrinken, weil der Leidensdruck extrem hoch ist. Dass macht man nicht einfach nur, um was zu erpressen. Das macht man, wenn die Alternative ebenso und noch stärker den Tod bedeuten kann.
186;Purple Overkill;6;6;Nö. Kontrolle ist weitestgehend eine Illusions und ebenso wie Sicherheit nie auch nur annähernd vollkommen möglich. Wenn  Sie sagen würden, die Migrationswelle war ein Schock, weil man ihr vollkommen unvorbereitet begegnet ist, dann würde ich Ihnen zustimmen. Aber das ist etwas anderes als der propagierte Verlust von etwas, das es nie gab.
187;mirinord;6;7;Sie glauben also, dass Menschen freiwillig ihr Leben aufs Spiel setzen?
188;Karl Friedrich Prinzessin von Moldawien;6;8;Ich bin felsenfest davon überzeugt,  dass die nicht vorhaben in dem Gummibooten viel weiter als außerhalb des Rechtsbereichs Libyens zu gelangen. Wann ist denn das letzte Flüchtlingsschiff aus Libyen selbstständig nach Italien gelangt?
189;Ostwestfale77;6;9;"""Wer sich freiwillig in Seenot begibt "" Zynischer geht es nicht mehr. Es gibt keine legalen Möglichkeiten Asyl in Europa zu beantragen. Genau solche Postings sind es vermutlich auch, die Herr Bedford-Strom meint."
190;Karl Friedrich Prinzessin von Moldawien;6;10;Warum sollte jeder Mensch in Europa Asyl beantragen können? Glauben Sie nicht, dass dies zu viel wäre?
191;W Schaefer;6;11;Die Welt besteht nicht nur aus Europa und Lavaseen.
192;Sonder-Ermittler;6;12;Entfernt. Bitte verzichten Sie auf Unterstellungen. Danke, die Redaktion/mp
193;WozuAuchFakten;6;13;Nur wäre es besser, wenn man den Personen das direkt sagen würde. Sie vergessen auch zu erwähnen, dass die Personen freiwillig sich in die Gefahr der Menschenhändler begeben haben und daran sind alle Migrationsbefürworter Schuld, die die Personen dahin gelockt haben.
194;Die Kommentarfunktion wurde für Ihr Benutzerprofil gesperrt;6;14;Stimmt nicht. Es gibt genügend Leute darunter die ohne wahre Not ihre wirtschaftliche Situation verbessern wollen. Konnte man oft genug im DLF, der FR und auf ZON lesen. Gelockt von den Lügen der Schlepper und der Willkommenskulturellen.
195;Ich wünsch mir Scholl Latour zurück;6;15;"""Sie glauben also, dass Menschen freiwillig ihr Leben aufs Spiel setzen?"" Ja, das tun Sie. Schon seit Ewigkeiten. Die Goldsucher die ohne Vorräte die Rockies überquerten, die Spanier im amazonischen Urwald, Kolumbus als er über den Rand der Scheibe gesegelt ist, Tespiloten und Fahrer in Raketenautos, frühe Auswanderer nach Amerika,... Mann nennt es Ehrgeiz."
196;Ostwestfale77;6;16;Habe ich mit keiner Silbe erwähnt, dass das jeder Mensch können muss. Aber Asylrecht ist ein Menschenrecht und wenn es keine legalen Wege gibt, dass jemand Asyl beantragen kann, dann verhindert Europa, dass jemand dieses Menschenrecht in Europa wahrnehmen kann.
197;Manus Cornu;6;17;Polemik ohne Begründung ist nutzlos. Auch ein Fakt.
198;Karl Friedrich Prinzessin von Moldawien;6;18;Sein Land zu verlassen ist ein Menschenrecht. Sein Wunschland zu betreten jedoch nicht. Und Asylrecht ist eine Sache des Grundgesetzes, welches sich ausschließlich in Deutschland Gültigkeit hat. Wenn wir nun dieses Recht jedem zugestehen würden, dann gute Nacht. Allein in Indien schien mir jeder Fünfte ein großes Interesse an einem Leben in Europa zu haben. Die dritte Welt hat leider das Potential Deutschland jährlich neu zu bevölkern, allein mit dem Bevölkerungszuwachs. Die Umstände in den Ländern sind so, dass quasi jeder vierte Asylberechtigt sein kann. Muss es sich nur mit den lokalen Behörden verscherzen und voila ist er verfolgt.
199;Purple Overkill;6;19;"Betrachten Sie doch erstmal die Daten von UNHCR und IMO. Das Groß stellen tatsächlich Binnenflüchtlinge, gefolgt von Flucht in die direkten Nachbarstaaten dar. Das sind die wirklich armen Schweine. Die Mittelmeerroutine stellt tatsächlich ein relativ teures Unterfangen dar, das man sich erstmal leisten können muss und von dem man sich auch was erhofft, das nicht mit der direkten persönlichen Sicherheit zu tun hat. Betrachtet man die Entwicklung ab 2015, bleibt festzustellen wie sich das ""Geschäftsmodell"" der Schlepper mit der Zeit verändert hat. Waren es zu Anfang noch ""Seelenfänger"", so wurde doch zumeist eine tatsächliche Überfahrt versucht. Als Reaktion und in Wechselwirkung mit dem Einsatz der Küstenwache und dem Auftauchen der NGOs hat sich das massiv gewandelt. Also ja, wer im Moment darauf baut sich mit einem nicht seetauglichen Schlauchboot in Richtung von Rettern schleppen zu lassen, der macht das freiwillig und bewusst."
200;Ostwestfale77;6;20;"""Und Asylrecht ist eine Sache des Grundgesetzes, welches sich ausschließlich in Deutschland Gültigkeit hat."" Was genau wollen Sie damit sagen? Dass man auch in anderen Staaten als Deutschland Asyl beantragen kann ist ihnen hoffentlich bekannt."
201;Jineapple;6;21;Naja, zuerst eine illegale Einreise zu forcieren um Asyl beantragen zu können ist schon sehr fragwürdig. Es wäre auch kein Problem, das auf angrenzende Länder auszudehnen - viele würden nämlich kein Asyl bekommen, weil sie nicht individuell verfolgt sind, sondern vor Armut und schlechter Sicherheitslage fliehen. Tatsächlich Asylberechtigte könnte Deutschland/die EU ohne große Probleme aufnehmen.
202;Karl Friedrich Prinzessin von Moldawien;6;22;"Klar, für die jeweiligen Staaten. Ich will sagen, dass man in Deutschland sein muss und daher gerade fast niemand Asyl beantragen kann. Daher haben wir nur ""so wenige"" Asylanträge. Und ich dachte bei Ihnen herausgelesen zu haben, das ändern zu wollen: ""gibt keine legalen Möglichkeiten Asyl in Europa zu beantragen. Genau solche Postings sind es vermutlich auch, die Herr Bedford-Strom meint."""
203;Purple Overkill;6;23;"""Was genau wollen Sie damit sagen?"" Wir pflegen gerade eine extrem egozentrische Sicht der Dinge. Weder sind Deutschland, noch die EU, die einzigen, welche die UN Menschenrechte, noch die Genfer Flüchtlingskonventionen ratifiziert haben. Das lässt sich erweitern um die nüchterne Betrachtung ob einige Länder überhaupt in der Lage sind, (Kriegs-)Flüchtlingen zu helfen, trotz Ratifizierung. Konkret haben wir, Deutschland, 2015 richtig gehandelt, was die Syrer in Ungarn angeht. Danach ist das Thema bei uns aber in extrem abgedrehte Bahnen verlaufen."
204;kafkaesk77;6;24;"""Die Menschen riskieren das Ertrinken, weil der Leidensdruck extrem hoch ist."" Die wirklich Armen können gar nicht kommen. Dazu müssten Sie nur viel Kontakt zu Flüchtlingen haben. Die Armen müssen zuhause bleiben. Bei vielen derer, die  es schaffen, ist nicht der ""Leidensdruck"" so hoch, sondern die Erwartungshaltung."
205;kafkaesk77;6;25;"""Sie glauben also, dass Menschen freiwillig ihr Leben aufs Spiel setzen?"" Eher nicht. Sie hoffen auf wundersame Rettung durch NGO's. Oder sagen: ""Wenn Allah will, werde ich gerettet."""
206;Purple Overkill;6;26;"""Zynischer geht es nicht mehr."" Zyniker wird man durch Erfahrung. Ich spreche mich jetzt schon einige Jahr in Foren wie diesem bzw. parteiintern dafür aus, bei der Sache die ganz wirklich armen und schutzbedürftigen in den Fokus zu stellen, was mMn eine absolute Stärkung  des UNHCR, Einsatz der BW als Schutztruppe und tatsächliche Hilfe in den wirklichen ""Aufnehmerländern"" durch Verlagerung von Teilen unserer Industrie, die das verkraften können anbelangt. Ich halte nur herzlich wenig von der Position DE/EU oder Hölle, was insbesondere die Einschätzung bestimmter Drittstaaten als sicher oder nicht anbelangt."
207;Purple Overkill;6;27;"Kleiner Nachtrag: Ich muss gerade über die ""nur"" 2 Sternchen schmunzeln. Nichtmal die DDR hat es trotz Mauer und Schießbefehl geschafft, ihre Grenzen ""sicher und kontrolliert"" zu halten. Auch zur Zeit des Kalten Kriegs hatte die BRD schon immer Probleme mit illegaler Migration, Schwarzarbeit, (Drogen- und Menschen-) Schmuggel und Spionage, das zu einer Zeit, wo wir wirklich viel für BW, Zoll, V-Schutz, BND und Polizei ausgegeben haben. Auch wenn in einer repräsentativen Demokratie der Souverän die Macht an Stellvertreter abgibt und damit das Gewaltmonopol beim Staat liegt (als Kontrast zu Milizen, wie wir sie in MENA Regionen sehen können), sollte man doch zumindest in der Lage sein, realistische Anspruchhaltungen formulieren zu können."
208;mirinord;6;28;Oft wird von einer ganzen Familie viel Geld zusammengespart, damit einer nach Europa gelangen kann. Der verdient dann hier als ausgebeuteter Arbeitssklave immer noch so viel, dass er damit für die Familie sorgen kann - so er denn überlebt und nach Europa gelangt. Sie können ja mal überlegen, wer in diesem Zusammenhang das arme Schwein ist. (Und ich gehe davon aus, dass die Familien eine solche Entscheidung nicht aus Jux und Tollerei treffen.)
209;Pierre aus Verrières;6;29;"""Was genau wollen Sie damit sagen? Dass man auch in anderen Staaten als Deutschland Asyl beantragen kann ist ihnen hoffentlich bekannt."" Sie wissen schon, dass Asyl beantragen und Asyl bekommen, zwei Paar Schuhe sind? Außerdem gibt es zwischen Asyl bekommen und tatsächlich bedürfen einen Unterschied, wie der Bamf-Skandal offengelegt hat. Das Problem ist die illegale Einwanderung unter dem Deckmantel eines Asylverfahrens. Wenn bei abgelehnten Asylanträgen nicht abgeschoben wird, braucht sich niemand zu wundern, dass die Fronten härter werden und das Vertrauenen in den Rechtsstaat erodiert.  Wozu noch Steuern zahlen, wenn damit Leute versorgt werden, die kein Recht haben, sich in diesem Land aufzuhalten? Eine einfache Weigerung reicht schon aus, um den Aufenthalt in Deutschland zu verlängern.  Merkwürdigerweise kennen meist die Leute, die Abschiebungen verhindern/ nicht gutheißen, meist keine Gnade, wenn es um Steuerhinterziehung geht. Wenn abgelehnte Antragssteller das Land genauso schnell wieder verlassen würden, wie sie gekommen sind, dann könnte man die Einreise von Flüchtlingen/Migranten erleichtern. Bleibt de facto jeder hier, hat eine Asylverfahren keinen Sinn. Dann kann man auch gleich die Schotten für jedermann öffnen. (dann aber: Adieu Sozialstaat!)"
210;mirinord;6;30;Warum scheinen so viele davon auszugehen, dass sich nicht herumspricht, wie viele bei dieser Überfahrt draufgehen? Wie die Zustände in Lybien sind: Sklaverei, Vergewaltigungen usw.? Dass schon auf dem Weg durch die Wüste viele verrecken.
211;Purple Overkill;6;31;"Willkommen in Deutschland. In gewisser Weise pflegen wir immer noch das Bild des ""Primitiven Wilden"", dem wir sowohl technologisch, als auch ethisch-moralisch überlegen sind. Smartfon, Online Banking und Prepaid-Kreditkarten in der Tasche, dazu Klamotten über Amazon passt halt einfach nicht ins Bild."
212;Ostwestfale77;6;32;"""Merkwürdigerweise kennen meist die Leute, die Abschiebungen verhindern/ nicht gutheißen, meist keine Gnade, wenn es um Steuerhinterziehung geht."" Guter Witz. So lange der Staat Gnade kennt kann das den Steuersündern egal sein. Gibt kaum ein Delikt, dass so lasch verfolgt wird die Steuerhinterziehung."
213;kafkaesk77;6;33;Natürlich gibt es auch das und ich kenne nicht nur ein Beispiel persönlich: https://www.zeit.de/polit...
214;kafkaesk77;6;34;"""Warum scheinen so viele davon auszugehen, dass sich nicht herumspricht, wie viele bei dieser Überfahrt draufgehen?"" Warum begeben sich die Menschen dann dennoch nach Libyen? Wissen Sie es? Geht es allen so? Kommen auch andere Nachrichten in die Heimat? Oder nur Bilder vor tollen Autos aus Europa, vor einer Villa? Ich weiß es auch nicht."
215;Purple Overkill;6;35;"Wie war das damals, mit dem Goldrausch im Klondike oder dem Motto ""California or Bust!""? Ich hatte mal ein recht vielsagendes Interview gesehen. Hier wurde ein angehender Migrant mal mit einigen Tatsachen konfrontiert, etwa der Gefahr der Überfahrt, das er im Prinzip keine Chance auf Asyl hat und der Arbeitsmarkt eben nicht auf jemanden ohne Ausbildung und Sprachkenntnisse wartet. Der junge Mann hatte bei allem gelächelt und genickt, dann gesagt er glaubt dem Report absolut nichts und wenn, dann ist es auch egal, er hat nur diesen einen Schuss frei, wenn es nicht klappt, ist es ihm egal."
216;Deutungshoheit Links Nix Gut;7;2;"Für die Opfer seiner ""selbstlosen"" Politik interessiert sich der ""gute"" Mensch in Deutschland schon lange nicht mehr. Das haben wir nach der Silvesternacht oder nach dem Terroranschlag in Berlin eindeutig gesehen."
217;Srinivasa Aiyangar;7;3;Empathie ist ein scheußliches Modewort. Und Ignoranz eine scheußliche Geisteshaltung.
218;Observator67;7;4;"""Wo ist eigentlich die Empathie mit den Opfern der rückgeführten gewaltstraffälligen Afghanen?"" Die Opfer fallen unter ""Kollateralschaden"""
219;McBudaTea;7;5;Sie interessieren sich also auch nicht für die Opfer dieser Politik oder sind sie kein guter Mensch?
220;Dostoprimetschatelnosti;7;6;"Srinivasa Aiyangar #7.3   ""Empathie ist ein scheußliches Modewort. Und Ignoranz eine scheußliche Geisteshaltung."" . Und ganz schlimm wird es, wenn Empathie, ich würde hier eher von Gefühlsduselei sprechen wollen, und Ignoranz zusammenfallen. Das führt leider zur Spaltung der Gesellschaft.https://de.statista.com/s..."
221;Deutungshoheit Links Nix Gut;7;7;"Ich sehe mich als guten Menschen, nicht als ""guten"" Menschen."
222;CentralScrutinizer;7;8;"Haben Sie den Breitscheidtplatz nach den Anschlägen in Berlin gesehen? Da mangelte es nicht an Zeichen der Empathie, die der eine oder andere ""gute"" Mensch (warum sagen Sie nicht gleich ""Gutmensch""?) dort abgelegt hat.  Und toll fand die Silvesternacht in Köln auch keiner, man weiss nicht, wie Sie darauf kommen. Dem Versagen der Verantwortlichen der Kölner Polizei wurde doch nachgegangen. Oder erwarteten Sie eine öffentliche Entschuldigung der Grünen/Linken/CDU/SPD/FDP (bzw der links-versifften Politikerkaste), weil sie nicht selbst zugegen waren?"
223;Watz up;7;9;Frau Merkel hat ein Jahr! und einen deutlichen Brief gebraucht, bis sie mal auf die Opfer und Angehörigen und nur auf Druck zugegangen ist. Kein Vergleich zu anderen Geschehnissen.
224;McBudaTea;7;10;"Nach welchen Kriterium legen sie fest, wer ein guter oder ein ""guter"" Mensch ist? Können sie Gedanken lesen?"
225;Sonder-Ermittler;7;11;Srinivasa Aiyangar #7.3  —  vor 20 Minuten 2 Empathie ist ein scheußliches Modewort. Und Ignoranz eine scheußliche Geisteshaltung. - das stimmt! Nur kann ich in diesem Fall beim besten Willen keine Ignoranz erkennen...
226;Kay-Ner;7;12;"""Empathie ist ein scheußliches Modewort. Jeder sadistische Foltermörder bringt Empathie für sein Opfer aus "" Das ist keine Empathie, mein Herr. Und es sagt irgendwie mehr über Sie aus, als über jeden anderen Menschen."
227;Johannes_Gabriel;7;13;Dazuhttps://www.zeit.de/2018/...
228;Johannes_Gabriel;7;14;Tragische Einzelfälle
229;Erdenmond;7;15;"""warum sollte Empathie also grundsätzlich gut sein?"" Um besser abwägen zu können. Allerdings verwechseln viele Emphatie mit dem Helfersyndrom.  Nicht helfen ist kein eindeutiges Zeichen mangelnder Emphatie."
230;mirinord;7;16;Ein merkwürdiges Verständnis von Empathie haben Sie.
231;Jubhf;7;17;"Doch, genau das ist Empathie: ""Bereitschaft und Fähigkeit, sich in die Einstellungen anderer Menschen einzufühlen"" Quelle: https://www.duden.de/rech... Denn darauf kommt es den sadistischen Foltermörder ja an: Die Leiden seines Opfers zu spüren und zu fühlen und sich daran zu erregen. Da haben die Leute, die plötzlich das Word ""Empathie"" in die Debatte brachten nicht dran gedacht, dass Empathie auch dies bedeuten kann. Es ist nun einmal ein Modewort."
232;BoxToBox;7;18;Das ist mal ein guter Hinweis: warum hat sich die EKD nicht echauffiert, das Frau Dr. Merkel kraft mangelnder Empathie so lange gebraucht hat, um auf die Opfer zuzugehen?  Meine Überzeugung: weil die EKD nicht nur aus religiöser, sondern auch aus politischer Sicht ein Tendenzbetrieb ist.
233;hellmut2;7;19;Vielleicht könnten die Kirchen ja auf die Kirchensteuer verzichten. Diese Gelder könnten dann sinnvoll für soziale Zwecke oder z.B. für wirtschaftlichen Aufbau in den betroffenen Ländern verwenden. Die deutschen Kirchen sind weltweit die einzigen die über Steuern finanziert werden. Als die große Flut von Flüchtlingen nach Deutschland und zuwenig  Unterkünfte zur Verfügung standen, hat sich hier vor Ort die evangelische Kirche bereit erklärt ein Gebäude zur Verfügung zu stellen, natürlich gegen Bezahlung. Soviel zum Sozialverhalten der Kirche.
234;Kay-Ner;7;20;"Falsch, das ist kein ""einfühlen"", das ist ein ""beobachtendes ergötzen"". Ganz verschiedene Dinge."
235;Jubhf;7;21;"""Empathie, zeigt Breithaupt mittels einer üppigen Sammlung von Beispielen, kann ebenso zu unmoralischen Handlungen führen wie zu moralischen. Die grössten Sadisten zum Beispiel sind oft ausserordentlich empathische Menschen. Sie versetzen sich einfach so gut in ihr Opfer hinein, dass sie am besten wissen, wo es diesem richtig weh tut. Neurobiologisch belegbar ist auch das: Bei Sadisten werden für Lust und Belohnung zuständige Gehirnregionen in die Schmerzbeobachtung integriert. "" Quelle: https://www.nzz.ch/feuill... Wie ich schon schrieb: Sadistische Foltermörder bringen sehr viel Empathie für ihr Opfer auf. Sie beobachten eben nicht nur, um sich dran zu ergötzen, sondern handeln aktiv, weil sie durch ihr Einfühlungsvermögen wissen, wo es schmerzt. Empathie ist ein scheußliches Modewort."
236;Sycorax83;7;22;Ihr zweiter Satz ist so ein unglaublich  dummer Schwachsinn, bar jeder Realität, dass ich es kaum glauben kann. :(((
237;Kay-Ner;7;23;Das ist aber nicht Empathie, da müsste der Sadist den Schmerz selbst erleben/sich vorstellen können wie es ist ihn selbst zu erleben. Dazu sind Sadisten meist schlicht gar nicht in der Lage. Empathie ist dass was Sie daran hindert ein Kind zu schlagen, schlicht und einfach. Dazu brauch es natürlich auch einer gewissen kognitiven Energie. Empthie ist kein Modewort, ihre Interpretation davon ist schlicht abwegig bis gewollt falsch.
238;Jubhf;7;24;Da kann ich mit leben, dass sie es so sehen. Für mich zählen nur Zahlen, Daten, Fakten und ich bin auch nicht sadistisch veranlagt, so dass ich mit denn Wort ohnehin nicht viel anfangen kann ,-)
239;Jubhf;7;25;Das ist Breithaupts Interpretation, die ich mir zu eigen gemacht habe. Und ich schlage keine anderen Leute, weil ich nach dem Motto lebe, was du nicht willst, das man dir tu, das füg auch keinem anderen zu. Mit Empathie hat das nichts zu tun, mehr mit dem Bedürfnis Ruhe zu haben und in Ruhe gelassen zu werden. Und indem ich niemanden schlage, kann ich zu 99 Prozent davon ausgehen ebenfalls nicht geschlagen zu werden.
240;Kay-Ner;7;26;"Breithaupts ? Meinen Sie Breitbard? In keinem Falle ""müssen"" Sie sich eine Meinung zu eigen machen. Was wir (als Menschen) können is nur lernen, höflich sein und sich gegenseitlich helfen."
241;Plor;8;2;Die Kosten für den Steuerzahler sind absurd niedrig. Das ist ja die ganze Schieflage der Debatte. Den aktuell ankommenden Schutzsuchenden zu helfen, kostet Deutschland fast nichts. Die Kosten bewegen sich im Promillebereich, im schlimmsten Fall im niedrigen einstelligen Prozentbereich im Verhältnis zum gesamten Steueraufkommen / Bundeshaushalt.
242;mediensenf;8;3;Ich mache Ihnen einen Vorschlag. Lenken wir Ihre paar Steuergroschen in die Aufrüstung der Bundeswehr und meine in eine nachhaltige Integrationspolitik.
243;Deutungshoheit Links Nix Gut;8;4;Als Steuerzahler tun sie ja nicht mehr als die pösen Rechten von der AfD auch. Übernehmen Sie doch eine Bürgschaft.
244;Deutungshoheit Links Nix Gut;8;5;Das ist doch einfach gelogen, selbst die offiziellen Zahlen sind bei 20 Milliarden pro Jahr.
245;YaddaYadda;8;6;Können Sie das mit Zahlen (und Quellen) belegen? Denken Sie bitte dabei auch an die mittel- und langfristigen Kosten.
246;Arya Stark;8;7;"""Den aktuell ankommenden Schutzsuchenden zu helfen..."" Es sind definitiv keine Schutzsuchende, sondern Migranten. ""Die Kosten bewegen sich im Promillebereich, im schlimmsten Fall im niedrigen einstelligen Prozentbereich im Verhältnis zum gesamten Steueraufkommen / Bundeshaushalt."" Dieser Behauptung widerspreche ich vehement! Sie scheinen die Zahlen aus dem Bundeshaushalt nicht zu kennen. "
247;maengelruege;8;8;Seit dem Beginn der Flüchtlingskrise im Jahr 2015 habe die Bundesregierung damit mindestens 43,25 Milliarden Euro für Asylzwecke ausgegeben. Voraussichtlich sollen in den nächsten vier Jahren weitere 80 Milliarden Euro hinzukommen.
248;Johannes aus Hessen;8;9;"Das ist tatsächlich ""absurd"" niedrig."
249;Hedamp;8;10;Doch, die Kirche pumpt regelrecht Geld in die sog. Integration, wir kennen Kirchenasyl etc. . Ich weiß nicht, ob das nicht ein Mißbrauch der Kirchensteuer ist. Ich zahle deshalb keine Kirchensteuer mehr, dazu hat man mich regelrecht gezwungen. Meine Vorstellung von der Verwendung ist eine gänzlich andere.
250;Ostwestfale77;8;11;"""Es sind definitiv keine Schutzsuchende, sondern Migranten."" Das ist glatt gelogen. Die meiste Asylanträge werden immer noch von Syrern gestellt."
251;Dostoprimetschatelnosti;8;12;"Plor #8.2  ""Die Kosten für den Steuerzahler sind absurd niedrig. Das ist ja die ganze Schieflage der Debatte. Den aktuell ankommenden Schutzsuchenden zu helfen, kostet Deutschland fast nichts. Die Kosten bewegen sich im Promillebereich, im schlimmsten Fall im niedrigen einstelligen Prozentbereich im Verhältnis zum gesamten Steueraufkommen / Bundeshaushalt."" . Alleine die monatlichen Kosten für abgelehnte Asylbewerber betragen für die Kommunen ca. 1.200€. Zum Vergleich, die durchschnittlichen Kosten für einen Hartz-Empfänger liegen bei 495€ monatlich.https://kommunal.de/abgel..."
252;unbenannt;8;13;Dann verlinken Sie doch auf den Bundeshaushalt und jeder kann sich davon ein Bild machen.
253;unbenannt;8;14;"""Zum Vergleich, die durchschnittlichen Kosten für einen Hartz-Empfänger liegen bei 495€ monatlich."" Sicher? Fehlen da nicht z.B. die übernommenen Mietkosten?"
254;Dostoprimetschatelnosti;8;15;"Ostwestfale77 #8.11  """"Es sind definitiv keine Schutzsuchende, sondern Migranten."" Das ist glatt gelogen. Die meiste Asylanträge werden immer noch von Syrern gestellt."" . Ich glaube eher Sie biegen sich da etwas zurecht. Alle, die hier herkommen sind ersteinmal Schutzsuchende. Die Schutzgründe werden geprüft und derzeit wird festgestellt, daß bei 68% kein Schutzgrund zu finden ist. Die erhalten nichteinmal eine Duldung.https://de.statista.com/s... Und erst von den restlichen 32% sind ca. ein Viertel Syrer."
255;CentralScrutinizer;8;16;Ich würde den Fokus der Debatte gerne auf das lenken, worum es vorrangig geht: um eine Schieflage der Verteilung in dieser Welt und um die minimale Beibehaltung christlich-abendländischer Werte (oder was hätte Jesus 2015 als Bundeskanzler gemacht?), die unsere Gesellschaft ausmacht und zudem zu Wohlstand und Freiheit geführt hat. Es zweifelt keiner an, dass das nicht optimal läuft oder gar sich einfach steuern lässt. Aber Mauern und Zäune bauen macht engstirnig und arm, das ist bekannt.
256;Dostoprimetschatelnosti;8;17;"unbenannt #8.14  """"Zum Vergleich, die durchschnittlichen Kosten für einen Hartz-Empfänger liegen bei 495€ monatlich."" Sicher? Fehlen da nicht z.B. die übernommenen Mietkosten?"" . Durchschnittliche Kosten für eine Bedarfsgemeinschaft 891€. Die durchschnittliche Bedarfsgemeinschaft besteht aus 1,8 Personen.https://www.focus.de/fina..."
257;exxkoelner;8;18;Würde Frau Merkel morgen im Bundestag ankündigen, das Vermögen über 1 Mio. € mit einer 5% Vermögenssteuer belegt würde, und alle Unternehmen einen 2% Solidarzuschlag für die Finanzierung der Einwanderung, die Integration, die Wohnungen und Lebenshaltung zu bezahlen haben - wäre übermorgen die Grenze dicht und es gäbe nur noch 1-2% der Einreisenden mit echtem Asylrecht - die Debatte wäre vom Tisch. Aber solange die Allgemeinheit bvon der Lohnsteuer und durch erhöhte Beiträge für KV etc. das bezahlen, geht das so weiter.
258;Sonder-Ermittler;8;19;"""Das ist glatt gelogen. Die meiste Asylanträge werden immer noch von Syrern gestellt."" - bzw. von denen, die behaupten, ""Syrer"" zu sein..."
259;Baal-Assad;8;20;Nein. Sie sollten sich besser informieren: http://www.bamf.de/Shared... Die Syrer sind die größte Gruppe - aber bei weitem nicht die meisten. Weiterhin wird die Mehrheit aller Anträge abgelehnt, nur ca. ein Drittel erhalten einen Status, darunter Asyl... Man kann hier mit Fug und Recht allgemein von Migranten reden.
260;diezeitmasch;8;21;"""Warum übernehmen eigentlich die ganzen Befürworter nicht einen Teil der Kosten"" Warum nicht die ganzen Befürworteter komplett die unsinnigen Kosten auf Spendenbasis. Deutschland wäre schlagartig und dauerhaft weniger gespalten. Meine Empfehlung, denn Ihr Kommentar ist die entscheidende Antwort auf die Artikelüberschrift, denn genau dieser ,eher banale, Umstand treibt die Bevölkerung um."
261;Manus Cornu;8;22;Ich würde den Fokus der Debatte lieber auf Themen legen, die wirklich wichtig sind: Ausbildung, Infrastruktur, Umwelt, Soziale Gerechtigkeit. Alles Dinge, für die mir als Steuerzahler zu geringe  Kosten anfallen. PS: Die paar Euro, die Sie an Steuern zahlen berechtigen Sie nicht, über die Verwendung der Steuern im Allgemeinen nach Ihrem Gutdünken zu bestimmen. Immerhin zahle ich auch Steuern und bin völlig gegensätzlicher Meinung.
262;Manus Cornu;8;23;40 Milliarden sind übrigens ein Bruchteil dessen, was wir für Militär ausgeben. Machen Sie sich nicht wegen großer absoluter Zahlen in die Hose.
263;Manus Cornu;8;24;Immer Ihre absurde Forderung nach Bürgschaften! Das sind eigenständige Menschen, es gibt schlicht keinen Grund, eine Bürgschaft abzuverlangen. Ich verlange ja auch nicht von Ihnen, eine Bürgschaft für AfD Wähler und Pedigisten zu übernehmen, vor denen hab ich deutlich mehr Angst, was die Zukunft unseres Landes angeht, als vor den paar Asylbewerbern.
264;twingo440;8;25;Entfernt. Bitte verzichten Sie auf Pauschalisierungen. Danke, die Redaktion/ee
265;MWH;8;26;"""Die Kosten bewegen sich im Promillebereich, im schlimmsten Fall im niedrigen einstelligen Prozentbereich im Verhältnis zum gesamten Steueraufkommen / Bundeshaushalt."" Sie sind, schlicht gesagt, schlecht informiert! Wenn man von 30 bis 50Mrd pro Jahr ausgeht, die Ihre ""Schutzsuchenden"" kosten (Statista), und der gerade beschlossene Haushalt für 2019 knapp 356,8 Mrd sein wird (letzte diesbezügliche Meldung der Bundesregierung), dann sind schon einmal 10 bis 15% des Bundeshaushaltes für Ihre ""Schutzsuchenden"" geplant. Mehr als 10% des Jahreshaushaltes eines Landes allein für die Versorgung der (zu meist) illegalen Immigranten, wie können Sie da von ""fast nichts"" sprechen!!! Diese Zahlen kann man nur noch mit Zynismus beschreiben, wenn man sie mit Zahlen der steigenden Armut der Deutschen (Kinderarmut, Rentner, Alleinerziehende) damit vergleicht."
266;Plor;8;27;80 Milliarden im Zeitraum von 4 Jahren. Das entspricht 20 Milliarden pro Jahr. Jährliches Steueraufkommen derzeit 675 Milliarden pro Jahr (Referenz 2017): 20 Milliarden/675 Milliarden = 2,96%. Wenn ihre Lohnsteuer 1000 € im Monat beträgt, bedeutet das, dass davon knapp 30 € an die Hilfe für Flüchtlinge gehen. 20 € wenn Sie die Bekämpfung der Fluchtursachen rausrechnen.* Ich sage doch: Absurd niedrig.  * Allein 6,8 Milliarden der jährlichen Kosten - also über 30% - werden nicht für die Versorgung der Flüchtlinge in Deutschland, sondern für die Beseitigung der Fluchtursachen ausgegeben.
267;MWH;8;28;Da hatte rutschte aber letzte Woche Entwicklungsminister Müller eine andere Zahl heraus. Die Komplettversorgung eines Flüchtlings kostet nach seinen internen Informationen Deutschland 50 bis 100 Euro pro Tag, rechnen Sie dies einmal auf die 1 bis 2 Millionen hoch, dann liegen wir bei den Zahlen, die Wirtschaftsinstitute berechnen!
268;Plor;8;29;...und dabei ist vollkommen außer Acht gelassen, dass die Flüchtlingszahlen seit dem Peak 2015 eher am Sinken sind und das Steueraufkommen Jahr für Jahr steigt. Jaja, Milliardensummen machen einem Angst, aber auch nur, wenn man sie nicht in Relation zur betroffenen Gesamtsumme setzt.
269;MWH;8;30;Und laut BAMF (einfach einmal dort nachlesen) sind unter allen Flüchtlinge nur 1 bis 2% asylberechtigt nach Grundgesetz und der Genfer Konvention. Knapp 27% erhalten subsidiären Schutz. Also, knapp 70% halten sich in Deutschland ohne Asylgrund auf, und werden dennoch teuer alimentiert! Angesichts der steigenden Armut in Deutschland ein Unding!
270;kafkaesk77;8;31;"""...was hätte Jesus 2015 als Bundeskanzler gemacht?"" ""Niemand kommt zum Vater, denn durch mich."" ""Ihr wisst, dass die Herrschenden den Menschen Lasten aufbürden, die sie nicht tragen können."" ""Ich bin gekommen zu den Kindern des Hauses Israel."" ""Bleibt im Geist der Wahrheit und Liebe!"" Was davon meinen Sie? Wäre Jesus überhaupt daran interessiert, BK zu werden? - Wohl kaum!"
271;MWH;8;32;Und Trump hat gerade angedroht, aus der Nato auszutreten, wenn beispielsweise Deutschland den Militäretat nicht auf 2% steigert, die Steigerung sind übrigens genau diese 30 bis 40Mrd, die nun Deutschland mehr ausgeben muss.
272;HeyeH;8;33;"@ CentralScrutinizer ""Ich würde den Fokus der Debatte gerne auf das lenken, worum es vorrangig geht: um eine Schieflage der Verteilung in dieser Welt"" NEIN! Es geht nicht um eine bessere Verteilung des Wohlstandes! Es geht darum die Menschen in den armen Ländern dieser Welt wohlhabend zu machen. Das ist etwas VÖLLIG anderes! Umverteilung führt nur zu mehr Armut. Vor Ort helfen zu mehr Wohlstand."
273;kafkaesk77;8;34;"""...wäre übermorgen die Grenze dicht..."" Nicht erst übermorgen! Beträfe die Regelung auch eine 10% Steuer auf alle Kirchenmitglieder wären auch die Bischöfe ""von Stund an geheilt"" - darauf können Sie Weihrauch lassen..."
274;MWH;8;35;"""...vor denen hab ich deutlich mehr Angst, was die Zukunft unseres Landes angeht, als vor den paar Asylbewerbern."" Ich habe noch von keinem Fall gehört, wo Menschen der AFD oder PEGIDA-Bewegung massenhaft in einer Silvesternacht Frauen bedrängt haben, mit einem Lastwagen in einen voll besetzten Weihnachtsmarkt gefahren sind, Frauen und Mädchen vergewaltigt und/oder ermordet haben, mit Messern auf Passanten losgegangen sind, Menschen antisemitisch tätlich angegriffen haben , massenhaft illegal die Grenze übertreten haben und sich illegal in Deutschland aufhalten,...Ach ja, Drogenmissbrauch. Den kenne ich von diesen auch nicht, nur der Herr Beck der Grünen, der hatte damit einmal ein Problem. Dass ich pauschalisiere, ist ganz klar. Aber das ist nur die Reaktion auf Ihre Pauschalisierungen. Sie können ja die AFD für ""gefährlich"" halten, aber die Menschen der Pegida als gefährlich zu sehen, ist einfach falsch. Nur weil sich dort einige Rechtsidioten mit entsprechendem Auftreten eingemischt haben, heißt das nicht, dass diese Protestbewegung pauschal gefährlich ist, es ist eine Ansammlung von meist bürgerlichen Menschen, die ihren Protest ausdrücken wollen. Protest darf in einer Demokratie nicht als gefährlich angesehen werden!"
275;Arya Stark;8;36;"""...und dabei ist vollkommen außer Acht gelassen, dass die Flüchtlingszahlen seit dem Peak 2015 eher am Sinken sind..."" Ihnen scheint die Geburtenentwicklung in Afrika nicht bekannt zu sein, deshalb nochmal für Sie: Sie soll sich bis zum Jahr 2050 verdoppeln. Verdoppeln! Glauben Sie, dass die sogenannten Flüchtlingszahlen bei unserer Alimentierung dann noch immer am sinken sind?"
276;Plor;8;37;Okay, wir beschränken uns jetzt also nicht mehr auf die vorhandenen Zahlen, sondern gehen in die Prognose, 30 Jahre in die Zukunft?  Halte das zwar für schlechten Diskussionsstil, wenn vom eigentlichen Thema (aktuelle Kosten) weggegangen wird, um ein neues Fass aufzumachen. Aber nun gut: Lesen Sie sich mal dieses sehr interessante Paper vom Berliner Institut für Bevölkerung und Entwicklung durch. Man kann natürlich schiere Panik kriegen, angesichts der demografischen Entwicklung der südafrikanischen Staaten... man kann es aber auch lassen und versuchen die Zusammenhänge von Wirtschaft, Demografie und Migration differenziert zu betrachten: https://www.berlin-instit...
277;Arya Stark;8;38;"""Okay, wir beschränken uns jetzt also nicht mehr auf die vorhandenen Zahlen, sondern gehen in die Prognose, 30 Jahre in die Zukunft?"" Nun gut, wir spielen einfach mal Politiker, denken maximal vier Jahre voraus und verschließen die Augen vor der Zukunft... Argumentiere ich eben mit aktuelleren Zahlen: Vergleichen Sie bitte die Migrationszahlen von heute mit denen von vor September 2015. Schon sieht die Welt anders aus, denn die Zahlen sind erschreckend."
278;Plor;8;39;"Nein sind sie nicht. 43.071 Asylanträge im September 2015. Oder 0,05% im Verhältnis zur Gesamtbevölkerung. Also 0,5 Promille. 13.254 Asylanträge im Juni 2018. Oder 0,02% im Verhältnis zur Gesamtbevölerung. Also 0,2 Promille. Finden Sie erschreckend? Ich nicht. Oder vermischen Sie hier gerade Asylsuchende, Migranten, Ausländer zu einer Suppe. Dann müssen Sie mir schon sagen, welche Zahlen Sie genau erschreckend finden. Ich bin mir selbst in diesem Fall ziemlich sicher: Mit einem ruhigen, rationalen Blick wirken sie weitaus weniger erschreckend als mit Hysterie und Voreingenommenheit. PS.: Habe mich auf ihre Prognosefreude eingelassen. Was denken Sie denn, warum ich den Link zum Paper des Berliner Instituts gepostet habe. Der ist etwas seriöser als ""Hilfe die Zahl der Afrikaner verdoppelt sich und in wenigen Jahren sind alle hierher unterwegs!"". Haben Sie das Paper gelesen?"
279;MWH;8;40;"@Plor ""Der ist etwas seriöser als ""Hilfe die Zahl der Afrikaner verdoppelt sich und in wenigen Jahren sind alle hierher unterwegs!"" Wenn Sie seriöse Quellen haben möchten, bitte sehr: Der UNHCR hat dieses Jahr publiziert, dass nach einer von ihm durchgeführten Erhebung in Ländern südlich der Sahara, Afrikaner im  zweistelligen Millionenbereich planen, in den nächsten fünf Jahren nach Europa auszuwandern (nachzulesen auf Welt.de). Diese Quelle erachte ich als seriöser, aber vor allem als sicherer als die von Ihnen angegebene Publikation eines kleinen Instituts irgendwo in Berlin! Lesen Sie das nach, denn  ""mit einem ruhigen, rationalen Blick wirken sie weitaus weniger erschreckend als mit einem unrealistischen, Fakten verkennenden Hypermoralismus""!"
280;Plor;8;41;Ist es so schwer, einen Link zur Quelle zu posten? Mach ich doch auch.
281;Plor;8;42;Nee... ich finde es einfach nicht. Bitte teilen Sie den Link. Ich werde ihn lesen,  versprochen. Genau wie ich hoffe, dass Sie einen Blick in die von mir verlinkte Publikation werfen.
282;Plor;8;43;Unabhängig davon: Der Anlass dieses Fadens im Diskussionsstrang war, dass sich jemand über die Kosten aufregt, die dem Steuerzahler durch Flüchtlinge aufgebürdet werden. Nachdem ziemlich plausibel dargelegt wurde, wie gering diese Kosten sind, wird plötzlich auf die Bevölkerungsentwicklung in Afrika und mögliche Migrationsbewegungen im Zeitraum von Jahrzehnten hingewiesen. Sie müssen verstehen, dass das sich das schon ziemlich wie Derailing liest, um weiter Angst zu schüren.
283;MWH;8;44;"Hier der Link: https://www.welt.de/17479... Bericht von Alfred Hackensberger vom 22.3. Und dass die Kosten Deutschlands für die ""Neuen"" nicht horrende hoch sind, kann ich ebenfalls nicht unterschreiben. Wie Sie sicherlich wissen, kostet den Steuerzahler die Aufnahme, Alimentierung und sonstige Versorgung der Immigranten (inkl. der 70% Illegalen) 30 bis 50 Mrd. pro Jahr. Entwicklungsminister Müller sprach in einem Interview Ende letzter Woche von Kosten über 50 bis 100 Euro pro Tag (!) für einen (!) Flüchtling in Deutschland (auf Bayern 5). Damit kommen wir bei 1 bis 2 Millionen Flüchtlinge tatsächlich auf diese hohe Zahl. Der Bundeshaushalt für 2018 wurde beschlossen, der sich voraussichtlich auf 343,6 Mrd. Euro ausdehnen wird. Somit werden 10 bis 15% des gesamten (!) Bundeshaushaltes für die Komplettversorgung der Flüchtlinge ausgegeben, das erachte ich in der Tat als enorm viel, vor allem, wenn man bedenkt, dass wir in Deutschland viele andere ""Armutsbaustellen"" haben! Ich möchte mich nicht in Ihren Disput in diesem Forum einmischen und kenne auch nicht den Verlauf der gesamten Diskussion. Ich selber befürworte die Aufnahme der Asylsuchenden (aber nur die der laut BAMF ""echten"" 30%), versuche aber auch realistisch und nicht ""euphorisch"" an das Thema heranzugehen, indem ich nach Zahlen frage. Ich finde, es ist keine gute Argumentationsweise, wenn man die Nennung solcher hohen Zahlen als ""Angstschüren"" bezeichnet, das viel mir eben auf."
